X1,X2,X3,X4,X5,label
1.4047190281619792,-2.620732821404011,-0.09069564776251632,1.896634501477411,5.344302181983208,0
1.0999521247942066,-0.8049856219772836,0.42230899331723937,1.1473012498737076,4.690575954105281,0
1.001685330984655,-1.4739565392370495,1.0951330454251917,2.444833406057392,6.218070305955055,0
0.7661716759607673,-0.09036841802677065,-0.9985540802364953,0.6556208003105604,1.5968202441867252,0
0.8178919964038778,-1.135051314317941,1.1261338236894012,2.4940940039923873,7.715141166405716,0
1.2149246510503564,-1.5728689794762283,-0.15581537884367344,3.4484523533251403,7.30036200240028,0
1.628944390828218,-1.9324650301432051,-3.1146797845379277,1.1006664788149256,3.2922078218093653,0
2.713114181924908,-2.757973897483398,2.7772477507587734,2.99402942419921,11.78018020060667,0
2.4553826152858567,-0.5911539114201962,2.7331905121828015,3.3960568268252582,10.513370520469378,0
2.1741017763050214,-2.1256120634185653,-0.8667676965493474,2.4034013759357427,8.371381759898366,0
0.6266240559535019,-1.5908067432334196,-1.2072725319736022,1.5621929124598624,1.3416376546795679,0
2.3518093091684187,-2.9942343637319944,-1.6576507980759638,1.7675852943104164,4.000793886338215,0
1.3482006202445302,-1.8265154316332544,1.7014515988599037,2.7491080201656746,7.587985416161788,0
2.6813139433947866,-1.0736709980464334,2.05451366625599,2.6234940081365075,9.824620789891815,0
1.2711720412868897,-1.3101992810076073,1.5322255501757769,3.406437813372713,7.821803968394629,0
0.41745792671311155,-0.8499233817075084,1.7329157456693725,2.30466731269393,9.491649167596702,0
1.1457616691104815,-3.113864928993758,-0.7415444135196966,1.8726710357783023,4.938425796618695,0
-0.5718966084991151,-2.003872384705345,-1.0180390629166698,2.6183765371360446,2.4746455275539985,0
1.153650172121902,-2.2428447279997075,-2.8807952466410462,2.3699520595905392,4.745695718437034,0
2.403453300392767,-2.0048036773250915,1.56366580634153,2.390422646308465,10.37149810970574,0
0.7828072233221413,-1.1234907397842013,0.10511030863530835,0.9593575591273655,4.873190514561,0
1.156793484005415,-1.8369216668617416,-0.5502769598625319,0.6801728157974973,7.026286489657898,0
2.3376545981260097,-2.5982082322334548,0.8563530640921924,3.492873710186728,9.805124103144411,0
0.8708188735735996,-0.7978011126715667,1.0110996364819695,2.3232611722345196,7.75508153057298,0
1.708505004638798,-2.411120239878192,-3.1684789741390382,2.75721641328625,3.531207408358274,0
0.6888961048975658,-1.6136377616860904,0.046632545779557444,1.2247536419617915,5.013285720364802,0
1.608670968637933,-1.1365099447290083,1.592503682179203,2.1588098332804515,8.48806764300411,0
0.7199530558499304,-1.5355882840392558,-1.645553586708453,1.3623412632475742,4.065149475508953,0
0.167028005171719,-2.6484681645118524,0.9959091635850726,3.888911384996751,8.90904328065705,0
0.478186600229517,-1.1883571178691388,1.6927443534087558,1.2064017547653048,5.400426979007614,0
1.1405060658493877,-2.4485083256042186,0.4698964906056219,3.3499698537359865,7.977314052998646,0
1.698582716694599,-2.722794185195866,-1.0313762181142236,3.528894816252403,9.1335020305519,0
0.559220015273488,1.162773960572923,0.9825646722911625,0.7323890709501778,4.283205288174603,0
1.7457783452227467,-1.1168450207602274,0.4459432084761247,2.4295478474987453,6.839224529680736,0
2.3345374128063936,-1.1996538887548107,-1.2391595412028007,2.6208937285793223,4.7148438935656785,0
1.309239549334931,-0.5087920227256155,0.9567910406154211,1.089064981559252,6.781164305698612,0
0.7364876422917047,-1.1468764590055915,1.3249319923062473,2.0092881248222225,8.739804682850371,0
1.3793635865747538,-2.0132212217042857,4.543079898284031,3.6865664153866313,15.860230360581186,0
0.6077399314944353,-1.505984177042278,-0.41791085926604077,2.5806011166553944,6.535654897223546,0
3.116685469385958,-2.2244601685895335,-1.9983856329199925,2.3942098393694327,4.444555560328925,0
1.435941060608923,-1.716192806359296,0.8390375125744761,2.8860447323508196,6.686571115848408,0
1.4635400522833883,-0.6653933571714862,-2.0346441387004357,-0.24232996412620422,0.6837854546769273,0
2.388214459073991,-2.139676531173278,-0.2211588447595631,2.362814229977354,9.167508716813138,0
1.1524526688663106,-1.3592254377350697,-0.6674190672967898,1.0522737115349319,2.9430185467517025,0
2.2855766966271935,-1.7493579369519634,1.9575968344891586,3.203409093582576,9.027135224338684,0
0.7426969302207806,-0.9091615042747058,1.0836231636267246,1.2206999292618272,6.848641015423535,0
0.8308495493989528,-1.2981920646300042,0.1856578125803987,2.6800466183232676,8.597821126221389,0
1.4848490520721913,-2.1121602882994046,-1.4024796508987032,3.056395765745296,5.815225253481029,0
1.1388152893202437,-0.26870949512546005,-0.4936152713896366,1.3359741989256795,5.818087993669972,0
1.3706061373079566,-1.5459668809767133,0.1430178363253454,2.4175532528822528,6.805429337484821,0
2.0618060521627886,-2.4117895841916916,1.4892492468679217,4.226300627813556,10.657025257862559,0
0.9123558453085848,-1.4678194442101642,-0.5024132003536287,1.0803693206333558,7.417772860925986,0
0.8814873746051703,-1.5534177484567624,0.9301631117784415,2.1598525477092827,7.554001863891066,0
0.23838102198564015,-0.694052672874703,-1.7616913030617782,1.0618800726713555,0.5322357111569078,0
0.5792649932805682,-0.9529912063980838,-0.5500167564636629,2.313060067146334,5.629668980786188,0
3.027772672237678,-2.3612199506319005,1.8273744771223508,3.3671996803017823,12.497439487156397,0
1.2122773732086616,-1.414567576001266,2.1704787197800828,0.8903587251468393,8.365613023347683,0
2.259775659329056,-1.6201967187031587,0.5469316664583593,2.127556544362094,7.85892211827531,0
0.8977015846450719,-2.0735894112796367,-0.566798627049488,2.5273198334615063,5.749027732313394,0
1.2620618353616497,-2.567177250533531,0.2002819369576631,0.6588525915042378,1.9302786381040171,0
1.410740635408536,-1.0229875960634733,-1.7844272610844658,2.162097297081224,4.033386557014242,0
1.7631208004077576,-0.9181635473105673,-2.42775776482066,1.282524994929994,-0.2652931352226978,0
0.4443002124699901,-0.9254769431719061,3.2657378291250154,1.0954227642640608,5.932090742847025,0
2.01948637737868,-2.1847800141060283,1.5084854340508693,2.4336405681522795,9.341288364656162,0
0.8337857308987766,-2.64940727495725,-0.9135635116256786,1.993245757409407,5.384340191240469,0
1.3572225801340043,-2.9160914981634205,1.719019230544807,2.1959121600227345,11.976049346523595,0
1.5674669083781403,-2.6075150388014423,1.5387812194571346,2.2276449901312203,10.363584786258581,0
2.066532231947968,-2.298958304923205,2.8486733396818944,2.2945162146774267,10.833479582666152,0
1.6947341938882243,-2.4833792330942943,0.36177197482057954,2.138931559442932,9.347302567520414,0
1.169434852060471,-0.8541378262724861,-2.1197882778702852,1.2047751521468522,1.863865230859098,0
-0.1917936531875677,-1.9006941578944985,1.5034660649116203,1.9162683215202152,5.502477257990168,0
2.308450916038558,-2.3232673128049086,2.044175391729553,4.086719364875116,12.326199607965197,0
0.8165464555852014,-1.7275136167942993,-0.5668027596543238,1.247094798327605,5.858580473013319,0
1.328813704877037,-2.7248585152110323,-0.05318762344411432,2.979147073190347,9.139865292798001,0
1.0750564273465282,-1.0826666222131094,-0.7370967603216818,2.421215007414897,4.724112916156804,0
1.0747742822342508,-0.9796761859125218,0.38813599580516134,2.3324299305586416,5.891964534918191,0
1.056839637699837,-1.5185504391658509,0.3803425661063399,2.51195113359703,8.716349517389146,0
1.1237834715227302,-1.978381314092965,-2.107412266628201,1.5841249545798497,4.910650959615843,0
0.5464063728756855,-1.4809050893172522,-0.4919992712333231,0.061796741350387596,1.016570001032062,0
1.786730294217883,-2.071147557957175,3.124681974650718,2.023543177414899,11.277287069442238,0
2.0270935251996285,-1.9588585436253734,2.82040391498903,2.41197371365382,10.267616048707222,0
1.1094288383222246,-1.7761490687117345,-1.4901092216111782,1.7878495870984943,0.8550348151563039,0
1.5736280596531578,-2.1587883385714846,0.21717233949393766,1.9144668746028013,2.739629955598458,0
0.3152664921551778,-1.1541684236886232,1.267611246244181,0.8984031614506425,5.34360460710688,0
2.238592828572889,-1.2424828631186795,-0.8122610375596215,2.1803344187918143,5.608687662043886,0
1.2154542217467532,-1.7218536530657729,1.079819043375641,2.03737554498502,8.363003473107089,0
1.1680515570640797,-1.336226650065616,0.08949264385768407,2.2505572541071026,6.521194400774158,0
0.9542833730435096,-0.8382646123372568,0.7616524417449969,1.3968770867603415,5.894519744260416,0
0.887557117150919,-1.1655531037963032,1.5691674767974817,2.698541658168974,7.60072030979211,0
0.6248526941042635,0.0003681463411766006,3.219181091523336,2.423234926082328,9.272775509499544,0
1.0900410553278763,-1.6025300828545013,-2.418154847632496,1.0237378854341728,2.9351910630940696,0
1.6052198890340663,-0.6917596323744508,3.0817209762574205,3.0663871698001737,10.507202323975338,0
0.08607201289202648,-1.6943406601647124,0.6672220470248432,1.6640209217629467,7.445507529250844,0
0.7783366247461543,-2.7274037978666206,0.002893943513924968,1.0298024084282131,4.836677343135289,0
3.060115042952275,-3.1753270628396475,-2.2308398958270215,2.6965786685222417,8.760456233419443,0
2.3960884665948967,-2.1042663734611535,1.8234477662764825,1.8925092806364616,8.321659556470035,0
2.9645950489525417,-3.081585200882465,-1.3385056195700724,2.342375237683615,5.406813455478573,0
1.1430849977214557,-1.2240469986843823,0.13514966817021976,1.9706861915361216,5.797373228676032,0
1.8864130386865416,-2.055383727678406,1.4124151167930816,2.5888340799483567,10.036232097372514,0
1.3845378700821815,-3.240524714088105,-0.46053070145922526,1.6122221498939946,4.951536074462141,0
0.626398082874612,-0.44521295922567916,-0.9031745764030532,3.529303052287737,6.142628413075008,0
0.7600518606929829,-0.8509787855450482,0.36234845531425786,1.3546215017021748,3.8203426993164356,0
2.233387699523494,-2.4503984309418683,0.3521131478210042,3.0579732906023644,10.141722882043071,0
1.6156228770005636,-0.889660424890023,-1.5982475949480826,1.9356786223853824,5.0708679004331145,0
0.2923752037226357,0.12410905644407258,4.564753249912239,1.5336572527580112,6.7664175289036805,0
1.0415837036369762,-1.513706622504856,-0.025011780635251002,1.0186515590215264,5.70958242056495,0
1.3211694483622627,-0.7416670403777479,0.3083796037628354,1.5136325079682988,3.2031560506140115,0
1.4508208428588487,-0.8941343589605839,1.7359348801037235,2.807868044411145,8.307334449831814,0
1.7577548078695233,-1.3460894740123535,0.6217741270755189,2.0652221669356345,8.627289540277392,0
0.9348475213214985,-2.1550127889505575,0.6142843704452751,1.8579130842973086,7.801649503789648,0
-0.40636724164341975,-1.7271187249332367,-4.3182289979275605,0.17426524208382077,-2.258251189559823,0
1.8378324171859304,-3.1804619702772134,-2.8376102152061824,1.3254746023820352,2.3710380879548456,0
1.6840302260351923,-1.3787248837550672,1.6519441702356867,0.9473981740355473,9.009534112701452,0
0.6572645015674546,-2.107630255560789,-0.9846745257974898,2.9564364645674344,4.582777715993105,0
-0.45918502243156345,-1.4208401665654544,2.6817159890921936,3.1381501431363414,9.284358175761469,0
1.150661644386019,-1.2736952891696414,0.5159982591951672,2.7714195889903133,9.196214520414765,0
1.9631357522935726,-0.2887535092258158,-0.42130851641927974,1.7744238175796052,5.705442239960446,0
-0.7426525655360392,-1.1217566929949663,-1.6011529459608107,0.04013074341967271,-0.28961592901819383,0
1.4298941036541664,-1.4838304135592923,2.382749116416249,3.412663486241488,12.981529821535919,0
1.3934244387167496,-0.937238387338681,1.2195215934400907,1.9317108686292916,8.916176892954091,0
0.7234446166451102,-2.4269656709812804,0.5081445952092414,3.111991998806103,9.031387558245418,0
0.9885824142491657,-0.56925760237323,0.48636700519228376,1.722792292885611,5.165445240407772,0
1.8804252475941479,-2.5115344020513355,-0.5000930141471548,2.83685908928217,10.933747334331255,0
2.0728267575044956,-1.5205443544605166,0.612027798375081,2.506144088815836,7.5689817594761015,0
0.12950153609592352,-1.116757278398164,-0.8567969108888129,1.3875900368294387,0.6379079340584455,0
1.2362248070469104,-1.5782815381698043,2.7824061458327844,1.8780976846588302,9.757610278655216,0
-0.0789943137953949,-1.2524792702817855,-1.1937783542813178,0.2126514063796146,-0.3088331025368085,0
2.7373410190518332,-2.1323665162273886,1.3007630102987702,3.545179346607204,10.355807461512917,0
1.5158321479683403,-1.654635373230421,-1.5583377451278067,0.571525850558114,0.6887352796006352,0
1.4027025804870723,-0.9158419514765953,-0.011909897335941166,1.0262765682762054,6.043936072813638,0
0.8558742791137995,-0.963171167927078,0.4516974669451207,3.057131168408312,9.161297752157175,0
2.9577121750090365,-3.424980742755594,2.1703846097687136,4.523150876719474,15.795756111080806,0
1.9929974944161757,-2.627140614634575,-1.1558904835168269,1.7997750121699572,4.768435786680439,0
0.7811986811217505,-0.4000427545699061,-2.667202035545631,1.0661216168908096,-0.24472686238028787,0
1.3695011222425748,-1.3847306329293625,0.000953532472013352,2.96105142071349,8.2982585501775,0
1.3974907804815253,-1.6439711856174855,-2.9383094922619204,1.6192961881651806,0.8998273126254028,0
0.5819299348710468,-1.6394515301780972,-0.9933071902301177,2.094309561844399,1.7119332880191442,0
0.6102069207682266,-1.6156768308243459,1.659906975824678,2.7270553186093442,10.041935328126165,0
1.1274104964540725,-0.9804327492816803,-1.7159863723634299,1.4638803933942341,5.183436951264436,0
0.2818794696131909,-1.9150317263073284,0.6125176602494864,2.0289618585498745,5.960157174049087,0
0.2975719578776065,-1.6634957707933473,0.5144229361023261,1.6134834227718102,7.159390230442022,0
1.2109539949309072,-2.4359142979955015,-2.728384638578759,1.376608520215138,0.8824908668229601,0
1.7603886810777931,-2.5587506466414127,-4.715481613485862,0.054728454930898396,-2.248038001598548,0
1.44417104837214,-0.8154135150527951,0.8812817966503811,1.8149966675116962,7.3134055643248255,0
0.7346306808115985,-0.6071174834051625,-1.8283911633716614,2.0170196940276766,6.171761005099957,0
1.3935685421004618,-2.0576845656502813,-0.4364750324666825,2.125882365733332,7.496274929581205,0
-0.05267360201266702,-0.49211361974746715,0.8086604690711975,2.1152026221489297,8.598096815151838,0
1.5744174094017154,-2.8308716113842336,-0.7420721897284763,3.0784377419421447,3.8390134900116815,0
0.9480559361908059,-1.6280417728017746,-0.1996586775032701,1.313843435547656,3.149499450785168,0
1.0975895192139502,-0.019224320818357343,-0.12204475563543378,1.740639926656396,3.266606853100668,0
1.0546842306014215,-1.8766424154962107,1.2245619942647776,2.9038284261788916,8.503651844730303,0
0.8319886371591326,-1.88077364802942,0.400366996534442,1.888480006952585,3.9762364904966625,0
0.9237307612893328,-1.4355825778062785,0.006445543984012925,1.9548627652016566,7.725855905199515,0
0.7182625448293716,-1.7652528607997346,-2.230583309574121,1.6333900392622756,1.5556384234845326,0
0.6695173926929626,-0.7872390275799989,0.18654669286222192,1.2826427633348159,3.239396758564258,0
1.696304286928192,-1.5930700722101674,2.0375770888582556,0.7838343767888294,8.32502757572041,0
0.038794448155095806,-0.5713704577163148,0.19340521401523175,0.6956532603265793,3.881951185180553,0
1.1522249050824183,-1.1843672586940086,-0.8364034503968837,2.2469596572841706,1.0509251159233561,0
2.0007540901724035,-1.5292909117024778,-1.4620957281239815,0.7667868514454809,3.7237109960662127,0
1.6797710116592492,-1.6880892787955744,0.5484226070405358,0.9194274279984179,5.142542551935715,0
0.3209297746625417,-1.112554316748351,1.213761498772013,1.575063153268958,4.837161688073699,0
1.2420993948473107,-0.6213623536822331,3.5244352158684387,2.965833851600824,9.821280217092665,0
2.224954874121317,-1.8110783312778385,-1.2826310590027974,3.122069487118034,8.531831144922402,0
0.5994299588178224,-0.7130230108032435,-0.47000356276356825,0.6280567475623564,3.025392971119608,0
0.22156960616065435,-1.8099318416996824,0.5905212808489781,0.7549274682755831,5.069147365281809,0
1.672122784731887,-3.1151218154349936,-1.2785384040038712,2.880133714333793,5.156901429917564,0
1.0421819802117316,-1.670616814707823,-0.24596284488609854,1.9116399712664554,5.244316373550104,0
1.746090554919585,-0.38324533718587395,-0.4514288536418639,1.3779657752805339,2.4885551411585207,0
1.0838222371808968,-1.730895777462249,0.8479321912077626,3.487648968163846,9.232911400714931,0
0.27460958132233015,-1.1622207439758647,-1.5309482105695011,1.5710924692914836,4.709154447880802,0
2.6713783307424883,0.09380762589142133,1.5878880841846714,2.436776967609451,9.53765801712325,0
1.7595410706106702,-2.008353596605502,0.3790636068933235,2.05001956081578,5.454956651233159,0
1.7477067350217799,-1.4206058555215508,1.357308645144046,1.9268006976427448,7.706181502501913,0
1.3544625725008088,-2.486804789758866,0.4856030098310383,3.5549956618778347,11.177376151530515,0
1.5192809769984683,-1.5595828336751132,-0.04653574024245399,2.3190950715856573,8.977540251869765,0
1.337302248946565,-1.0210808897114256,1.40304515207028,0.6114669475082206,6.074139493138073,0
1.4721572058426107,-1.1224890074321958,-0.6333296362190908,1.443002240489466,3.3595859576350398,0
1.0207620923636425,-1.7128907661368091,-0.7299610150470548,2.4819204475002885,5.380725690155976,0
-0.010304562726795918,-1.1310212301296518,-0.47409586438469,1.5453225972812121,6.597406662088186,0
1.023995906088573,-1.3106958186027886,-0.7641381495577246,2.321772061201906,3.859832309730783,0
1.4681612516859257,-0.5985711007737778,1.0765937446064349,1.4490024769982117,4.568568212253155,0
1.4291697507442986,-2.1022628027464667,-0.1366215577429175,1.0949171456820568,7.619675015765843,0
0.6670915647108202,-0.7129045296694296,-1.3540824631821726,0.5504102824419765,3.078026110800157,0
1.877744294726312,-1.66625749250629,-0.4263216746368075,1.9331616817754775,5.880964809361931,0
2.0014255424386316,-1.11828213766085,-1.0609982814900012,1.2678310747057941,5.216669772475929,0
1.2733429124122675,-1.9771359977693606,0.07263821389436076,2.1025044127340826,6.5453175762155755,0
0.529480433195366,-1.2093346992053526,-0.42678257333390324,0.24007744703332345,2.6787962543236485,0
1.201705734325486,-2.4826421296807877,-3.4856744693293447,-0.30780479535507654,-1.7570089437388352,0
0.817568194674455,-2.1682429355024535,-1.118845373379075,0.7409411178682411,3.6649674869721465,0
0.616560526800733,-1.8167692873279235,-2.9047723164289505,0.24294980198182997,-1.6796854523521456,0
2.64394705888557,-1.3778167919028053,-0.47849122395832033,3.202759523095481,9.187266209627408,0
1.4051455338823755,-2.0364039117584003,2.611343794898459,2.9385277458710384,12.470656214551505,0
2.0792272287007236,-1.635322032709567,1.3865588301593696,2.7219800500203113,9.177975269795871,0
-0.05512584987198155,-0.014730320717971424,2.5634803940081854,1.2931969548785138,6.432919537242905,0
0.06433774701423378,-1.33172496036064,-1.1498664845047029,1.3814298263499394,3.4372267795225975,0
1.2543414896152822,-1.3368068828986426,0.9663787634312326,2.5442461233428895,9.534946499707024,0
1.4902995822102623,-1.379306277745901,3.422159434827436,3.1246765326574404,11.693425709508455,0
-0.08481758503114112,-0.47087369706630366,-0.7768313259153281,0.4607254415925621,2.488282088360649,0
1.2869299747515976,-1.345332648673882,3.544201565731282,2.8523700536793,12.466250793507504,0
0.6135626542237617,-1.6346599099738444,1.114365856644239,1.8276823017283392,7.111798943564951,0
0.34882248917543035,2.1949973322537364,5.797949251812097,0.7896279023142954,9.002351863833685,1
-0.47457996561455823,2.1465801229936674,5.810635870658574,-0.2940178132474061,3.3032809739318396,1
-0.19528661133648695,2.805760627035685,6.057765472964225,-0.35453470420289374,6.34870768011936,1
-0.466258732191168,2.337748826177932,7.605423471367144,-0.2766741260691301,6.5226843595082045,1
-0.712900215876227,2.812760141457994,5.684713167030125,0.12048213860088308,3.222163722270059,1
-0.3479751550215058,1.3237424501629538,4.271486775838883,0.3451087726901486,0.441566381991679,1
-0.8004366943784262,2.8228615067800784,8.148006935439348,0.2216768178440925,9.92571846243769,1
-1.8599051565801772,1.768084608612484,3.658075680220926,-0.9549977186292522,3.2672367446281676,1
-2.070392395744085,3.068077755266577,3.7636527230398893,-1.8340200912242184,-0.3952110879801711,1
-0.9715090308273493,2.7906315963550345,4.818225635127019,-1.5985036884655435,-0.0780625216093968,1
-2.4869072725653165,3.0932757479239825,7.203583576099595,-1.5823916718556323,-2.0928360330706344,1
-1.6533613358245918,2.803535128406678,7.072728194679997,-0.2531449054749283,5.400061931779569,1
-1.3324433435988547,3.1762608387092746,6.402909259803807,-2.60811611283624,2.838378815712934,1
-1.0593907241812701,2.2642058128248586,8.889657494929361,0.18751753030492274,7.4518972124470215,1
-0.20136419360543145,1.742775974006183,2.376594518738132,-0.6062539364375756,0.5477535027275738,1
-0.5853204500548239,0.9474137888686629,3.4270963436020745,0.9673205118879457,5.755111906370243,1
-1.0504549232493277,2.1979049790710428,7.039540307398688,0.030831463934039238,4.68158241596603,1
-1.2577240807908472,2.1185556945451216,3.173033945564513,-1.7547363390387516,-0.9288085711869021,1
0.4222842621380689,2.075474662309688,1.2007441769745313,-1.7754857162093756,-1.622468210870064,1
1.1183132298684932,0.605844222022125,5.789499557139432,1.7410168588646253,9.69246455144437,1
-1.3956639074609098,2.488442980252122,3.3142582054363805,-0.8284101026898849,2.966014238333793,1
0.5549899106273286,0.8271095750844413,7.285316404179294,0.32147325623066936,10.756486946235851,1
-0.96277172748577,1.8082987398059913,6.814401036498037,0.5957820426098553,9.233729750370504,1
-0.8212789723888665,1.7084980010700979,2.9352347396962815,-0.8264247264077553,2.117862456886256,1
1.2268030312244333,0.7032950488465533,5.401615976908815,0.5833821555926489,5.055963935257829,1
0.13308124777272867,2.7824235000682216,6.7748772664211145,-0.7401498943916845,5.67642181944711,1
0.15438500002695243,1.6819914497927215,6.1049922730150366,-0.10591080418367853,7.090910399293034,1
-0.4332184480064235,2.2483142381729238,4.590258225642493,-0.07950249858975615,5.173948790079692,1
0.015129423210769766,0.1515381506711797,3.7889053733622786,-0.17403797887973738,4.318467710070228,1
-0.5980623606944531,0.16021691856740028,4.764568159508772,-0.3421714905615819,4.198043120439036,1
-1.820089384634639,2.545669976970519,3.063842624133277,-3.2604810982527734,-1.7199482802999095,1
0.220820380521079,2.3777207653889674,5.578678815409308,-0.2480249856904148,6.4315620269312745,1
-0.30155864086742323,2.3273982675069735,4.712564039129786,-0.40208566718037,4.497879047573028,1
-0.2460195769126864,3.0718923942824694,6.108733863050295,-1.088957572374665,3.4664356048925136,1
-0.19414854879778204,1.1032816669646937,5.972114293447924,0.3240138346399062,5.036179897216075,1
-0.4599068122659298,0.9632974018430306,3.0480915458186777,0.17362145320875547,3.3791040818023124,1
0.5241195894682907,3.002368088273474,8.585074317357655,0.7837298310218868,9.296785449452774,1
-1.0351813784803114,3.500816007433441,3.2624535000729913,-2.1706270172130626,-1.8344468666210088,1
-1.6675520956607457,1.9328585416829935,4.904652340211748,-1.8720911814576056,2.417112153300489,1
-1.5212636497497878,3.0012803094337706,4.569162149294243,-2.6069385465227053,-4.409613344675362,1
-0.8977929399275046,2.0483177352924344,3.6156603207495555,0.23270712772245472,3.8281478864832525,1
0.10937284582660559,1.0160756530864554,6.601710382436247,0.8606628006527364,8.771676681780415,1
0.09290007620937818,0.2897732752935558,4.826519315466353,-0.5177213425877146,5.726895363935974,1
0.08107398485139966,0.9026357242188527,4.975339943109744,0.23759478001094703,4.973948962853468,1
-2.128276063684364,1.8443851998073095,4.943206904291523,-2.84414897817607,-0.6771320564743293,1
-1.2082017821802002,3.258325991430163,6.947681198037914,-1.0431482937417353,5.597548561524374,1
-0.39389531130490174,1.8336972151610385,4.465979937585312,-1.382688350298524,3.5899732526461534,1
-1.0268583684966786,2.18469962287907,4.329244396779888,-1.7504705890076673,-0.5440283994928907,1
-0.1411119135615491,2.5362640189372625,6.747735201347727,-0.6043548835194036,7.591154033685297,1
0.6461647951720506,1.328711406030667,5.137520038924985,1.5042213324053608,6.422380212416796,1
-1.3185709575763898,3.971465649945596,6.8233590422652455,-1.5588832287100876,2.267105132773748,1
0.5677415187275495,1.4790186331276138,8.293327763502104,0.5903349489495178,8.1017063095323,1
-0.1954859594386919,0.37213399646204603,5.73173605857623,0.5027610784298384,5.398809350786872,1
-0.28435026342721303,2.623136861138053,4.535305647914343,-0.6326911666289939,6.174652988323252,1
0.5864947260688008,1.653907508035566,4.856686353906247,0.3577606264000124,2.8057389976974374,1
-1.1222226481930133,2.8644063634411046,5.996832209703641,-0.41076697909910675,2.5933278285793184,1
0.7183053751070114,1.2104332278461962,4.2373808150194385,-0.028285781045891772,5.050080586894218,1
-0.18724031992478996,2.555700370016561,7.080072217542472,-0.2885960503509839,6.77964495531101,1
-2.237740923406559,1.5262691295673916,3.7712598420804024,-1.423046109517863,1.9201118351994986,1
-1.0596024269502022,3.5517157628650358,7.07715039267483,-1.061304685156637,4.1791191016351545,1
-0.31522168123258126,1.6111518065650128,7.732898573348666,0.02658320193306679,9.11841028415602,1
-0.25746051226335465,2.5627099000658924,6.178014640325706,0.31690067124356525,6.203640066754999,1
0.048614895701452096,1.3990515492272197,3.836705881575448,0.5718490394437303,4.822119112582301,1
-0.3008228798985271,1.5101547177104182,6.521665999728068,0.44027322820758097,8.363259616591767,1
-0.9449283167391489,1.502705175459204,3.7990771264590997,-0.72428955663245,2.4808486725660543,1
-0.3390657356843882,1.9086890994368932,2.2657030720909317,-1.4201578935531858,0.11001453304868503,1
-0.7642414902372809,1.2078118218144795,3.4359444181534364,-1.073542838883702,3.061922306874713,1
-0.4175884948946269,2.2699411872251267,5.676271899488642,-0.3765353473217167,5.6012023094538295,1
-0.38231712277286933,1.116920727711372,6.03161016652739,-0.9741493338015809,6.28898101314635,1
-0.8003781422078666,2.170078808179327,5.235618449361098,-0.9481307260092424,-0.23855715812315803,1
-0.8636551210443082,0.6544050565794057,3.063479888609452,-1.4351387379907676,1.0483836493047924,1
-1.5613080329210032,2.9147123645147444,6.172639097613436,-0.1670544772074718,3.209282548793476,1
1.3890207188864974,1.4358719874234127,7.055217474803337,1.5116634431449736,11.609593071374524,1
-2.0639606728582547,1.9660561707401558,5.005140349680113,-0.9610902259735571,1.1789142653306468,1
-0.7831709031598136,2.8859746604636776,4.9584811098292825,-0.7505526359539881,2.9550787377296936,1
-0.964331315618007,0.9954145162433208,4.482849978642056,0.3364361849289085,3.468800477694989,1
-1.3562532953324726,2.363356176996273,5.619475183513572,-0.4515550642672044,1.7971149595206752,1
-0.8751591697353026,2.132306471308856,3.5680293009537545,0.1596569950221085,1.9347669530654312,1
-0.35474158845948545,1.0491885471529563,4.909699707238384,-0.653888520153148,4.9064522378068665,1
-1.1213403640002828,1.6374723970995457,4.911066255465428,-1.4270380385099544,2.5783154147742167,1
-0.5476426585713411,2.9414109860867015,7.133372755064644,-1.3025596616803914,5.354340285026052,1
-0.8689685329258492,1.834249672960117,4.349376379189098,-1.7733366411401685,1.3942918094029444,1
-0.8395194990506851,2.0197363149753045,3.1315261555007026,-1.8568645720666304,0.18460017873977563,1
0.9179620336845276,0.5781636084834993,6.357285561322886,-0.22181713931692215,9.472044349658992,1
-0.0330821773492929,0.8079949764554775,6.1582964668311355,0.3896460259811636,9.950838982691602,1
-1.212551768133543,1.6188038524652142,6.0706654410990994,-1.2650576666787101,5.494984655887021,1
-2.464431341921057,1.7534189255024977,4.4082972687519675,0.07739411706546218,2.5826772770431674,1
-0.35022443448951657,1.2343632372874571,0.5183002689833285,-0.2653172287269066,-0.1589884591232797,1
-0.6839942861873309,4.903472057453435,4.772854677196103,0.15499998443087393,3.673858466563849,1
-0.2901042086213796,2.225282044335798,7.90758336606997,-0.10605098677023406,9.829784682716621,1
-1.6896440611008465,2.4037415268840108,4.223252858617579,-1.4045180616097155,2.3600084155442547,1
-0.685413327306495,3.129132887774945,7.681019570580949,-1.877153517923969,4.145101067282804,1
-0.45039359740479495,3.3666237228529443,5.332152357746838,-0.3424944177918581,3.6875544802870963,1
0.3692578709048845,1.0649068875243406,5.172416523184,-0.20890385731812233,4.830304730542928,1
-0.8061516696292761,2.013865294629802,3.381695305440856,-0.8545670776759267,1.6675608263022337,1
-0.08113006552564606,2.365589751362287,4.38553736972202,-1.0634945528755098,4.014199976759595,1
-0.45842279090925964,3.2711416633941157,4.887764726353462,-1.1031977895263196,1.7542776930242636,1
-1.2413915411754703,2.7018460767364254,3.390932961840128,-0.8080058276931448,0.19912487974187262,1
-0.25384718986679244,0.7940926609896882,4.432958656321764,-1.9934900773516728,4.051637178008269,1
-1.6462028281193417,2.8694982227997716,6.676482632796128,-0.05480705118190271,6.649401653609975,1
-1.391023662126524,2.855165997785514,4.002024037539254,-1.0620615797644264,1.5883606713185512,1
-1.9972275256110072,2.5422499484169307,5.750170897482859,-1.746633525954216,1.6122267813879474,1
-0.5469570829457157,3.0250042991215307,7.411534104895096,-1.5544347282826811,3.008543590265005,1
-0.05365790644398588,0.05110798668370875,4.510561332194883,-0.6207479779094166,6.776531041822173,1
0.11700506891279033,2.4153061298246565,9.645506883875266,-0.13093145853825716,11.185499477337766,1
-0.845257414071966,2.3915009254012465,5.365741765177144,-0.5736591493521683,2.057056372929602,1
-1.6044574301952748,0.987086263298378,3.5890344399909226,-0.4955106188303764,1.6095754829518722,1
-0.18736813926450369,3.7534863713146236,3.4304434783193027,-2.244583643607698,-3.860766293723679,1
-1.5063044903658735,2.5343280498644507,6.246804601793136,-1.5289911602899364,4.4186668637312545,1
-1.0551676587375254,1.185702069633868,4.597794125391385,-1.1942554327742556,3.7820823944503656,1
-0.23157989468573736,1.2949298792704709,6.956637792616318,-1.0414550119180936,7.568926134403156,1
-1.9705822249927634,3.265537909816087,5.9042212235887,-2.900220571349161,-1.8523837933806826,1
-1.5515186697036818,2.8855353853436174,2.212166167087617,-3.275876379150195,-1.7433159235088422,1
-0.04054215305078834,2.4452027747488403,5.852873486101434,-0.10906746599240691,7.805397955413786,1
-2.114458291747488,2.433107933899801,6.709275849511241,-0.5470055803552417,4.359831509550121,1
-0.44647188327699555,0.9011976384324523,8.448579413799347,0.5829304469162684,10.017939128522555,1
-0.5666776076275106,2.073134243579649,4.7407935179684655,-0.27841475170146873,3.6388615564353657,1
-0.17070307461410605,1.2805627903153234,4.378711593923518,0.09089093611292759,6.178017008069883,1
-0.6225481840616972,1.1192917323040616,5.289527224256546,-1.3561240691432337,1.693048716818072,1
0.6949027657492441,0.20101540310095123,4.571295572701851,0.3938560686701703,6.734587077326452,1
0.06709496558348527,2.342273127323135,7.348489265039916,-0.5317871799490288,5.631509736969923,1
-0.5806251039679027,1.4003461730486895,3.531292438055052,-0.1626926256573284,3.4215490208223986,1
-1.5118017909674761,2.053898027149308,6.273791755705654,-0.3381197445059854,4.748649805697037,1
0.6305337388880865,0.5117802982063732,8.916018303303002,1.4271185744104642,13.6306226212267,1
-1.2489823482902846,3.46560039962897,6.855297680460523,-0.2110017373604396,5.429892869053055,1
-1.7800164502328453,3.9174622859313666,4.9580152433164555,-3.243851389233114,-1.74161763498108,1
-0.5336553034733289,1.6017971238985758,4.190801836801377,0.5560767185839753,2.894536871736024,1
-1.5786555870103018,1.752616065453207,3.3141666560137635,-2.419536191701787,-3.943922079569964,1
-1.2644322958872958,2.833779269754702,5.894650429107014,-0.22579094710650266,3.8871642449838917,1
-0.4381268691004861,1.6315054328649814,5.455213509710864,0.309092904759689,3.9258086170149658,1
-0.8685687656388128,1.839646142623423,4.431971847884902,0.2730920964113029,5.732659034694478,1
-1.7439169408545885,1.0825430201561845,4.511049790820545,-0.6258254676537554,3.0013728495448766,1
-0.28380492573377564,2.077369500746991,6.026199109358132,-0.5511664951445456,7.0265368701217215,1
0.025121892192348172,2.502565557720094,7.033527552505267,-0.38437634904076845,5.755130365257252,1
-0.12239724061500512,2.3329265232026057,8.103838531111949,1.8480285612001857,13.403242232674863,1
-1.002218309694342,1.2879214233715406,1.5332664260227387,-2.0793862407473447,-0.6270860718844183,1
-0.523719505559396,2.0470442286027013,5.766331501609628,-0.8760839706963,5.135314028543911,1
-0.24984010779262494,1.7704321161771854,4.468077713727974,0.49095860570354655,7.607080866612183,1
-0.4588825287871046,2.9601083950648786,8.119731277869256,-0.5613160520836452,8.837774925356898,1
-1.8772798824983399,3.5168628389178798,5.726184889233305,-3.203246263681421,1.746203984059114,1
-1.3894807805128113,0.7090564735512933,2.4821407856515623,-0.7908803414230668,1.6631406515071225,1
-0.4749815217550812,1.817950075184133,6.699296560774319,-0.5759609553628953,5.661479692851775,1
-1.1561623130914818,1.048444961740584,7.150023405107012,0.2347490922493342,8.428496170626424,1
-0.8334464571753751,1.241352295630087,5.455709760035932,-1.1238620959024594,4.985459858442612,1
-1.6900084869763636,2.0607251948042973,4.277441095191232,-1.4477805122670127,2.660455447115951,1
-0.5499788458004573,3.168117362454194,7.39704811952865,-1.2027124626462689,5.85460766171356,1
-0.9612291632706416,2.8872658346276205,6.408794026337061,0.5968906294555427,8.496555201816797,1
0.2068437092324078,1.8361570305525032,4.779568648487972,0.44630729991800977,1.5204143834458637,1
-1.5227703752195252,0.3822694700866025,3.8914603719076344,-1.6895900848487468,1.822179801695688,1
-0.7709272298305759,2.353462343758101,4.434805337397915,-1.0419107995779835,1.6882183897746845,1
-1.350908925901278,2.070491832155209,6.64419827121737,0.09042639525981466,7.030620529867978,1
0.0645358926650467,1.842309808927551,3.5765770269732706,1.1835265165629012,6.152672797196519,1
0.11781507106070616,3.0164943831296935,6.587724774957936,0.07698117474605393,9.040061041005465,1
-0.22605338617826798,2.0006487722446775,9.168667228261139,0.80537353903699,9.868876737156782,1
-0.19431052408531183,1.7776376127894813,8.921773049176469,1.2985172568212557,12.450816030296433,1
-0.8238835729851911,1.8336600070723377,3.7719158610672263,-1.3410763007282158,4.4243255637566685,1
-1.405277615037577,2.2422361938125777,6.939989820594637,-1.0222620274753784,6.187215522557371,1
-0.3988709715663713,2.6517566646973942,8.418865153624257,-1.7548146122985018,5.607696692055951,1
-0.9212616060930314,2.6497296715093106,5.649044809225261,-1.1182381068254097,3.910295121290838,1
-1.7210706485150915,2.302593561910371,5.7791171004568795,0.07475618484458668,5.788181398282627,1
-0.279571055552607,1.352450804390309,2.392283229079017,-0.8874483493869225,2.473699619565891,1
0.43638094500092517,1.9364681399073689,7.572336507551749,-0.3213470098591328,9.617716936187607,1
-0.3689919683520867,3.1917326337124274,4.3931986635894855,-0.881063593134074,3.480169598703865,1
-0.4368379519772554,2.1334778211254237,5.195595764370941,-0.12055396423451803,4.660661149221862,1
-0.9445410277592919,2.3240555995824086,5.593888976841919,0.030587280544924114,5.2283005318144635,1
-0.27995442862458214,1.099355501706062,3.943037614888722,-1.8125984010414578,3.19369942218475,1
-1.473989809476853,2.1984248698008226,2.6334867511468656,-0.6580655518558811,1.0679590307367974,1
-1.3794428617474814,3.4693938401465814,3.387010678101773,-0.6063200799322163,1.2769590964134927,1
-1.7642632191334706,2.0197954243169853,7.267937558797722,-1.5013481389144268,3.2469119691344757,1
-0.8606339803455295,3.2886882574293725,4.354116688702158,-1.7854239848171323,-1.181060658821369,1
0.8278661161140972,1.5111163130307934,5.8760485071735,1.1622882323252204,10.043072988448063,1
-0.5317318742714254,1.2003355547759704,6.227846203869142,1.1082285235853138,5.44565334659068,1
-0.9949712570251902,2.091331117738326,3.8853674672040346,-1.381073037174971,2.4956892514738716,1
0.7366143089562261,1.8487288415127483,3.6639580678899577,-1.4864738513681952,3.018299512458062,1
0.4230607062290138,1.444862688647584,4.193012870270806,-0.23494870698541975,4.286549751966359,1
0.35997645573985915,1.6476079446736218,3.640266054186349,1.2778227262641169,6.3288077900281206,1
0.21887702625572625,1.5439866180420663,6.7389093370179864,-0.1843600534468377,8.251368166715675,1
0.12039141079101945,3.6107849391749673,9.315825926044043,-1.0279743946590025,9.781590351716131,1
-1.5370772498686005,3.290459125937622,4.8835967020076145,0.007131058914642607,2.9881243400774165,1
-0.671231893471889,1.8854790637539913,6.8067422638551704,0.1475742990947644,7.354588123960779,1
-0.9250327889811293,1.87462058202927,6.074218272020985,-1.47283133669053,6.2430334106120595,1
-2.215781432197703,2.065936166229247,1.6692366955752755,-3.4006157569140267,-5.082262925809316,1
-1.4306382155686956,3.206293091820097,3.0095733128235187,-1.1263999462679293,0.05049943655413833,1
-1.0222637656821119,2.9495987260963825,6.793649982876034,-0.011286497020267183,6.54674063188641,1
-1.9106354840202884,2.2339041530402883,7.9750940512612445,-1.0587910275919001,7.698980085689626,1
-1.3158496169072917,3.2808434894793166,4.644891200931923,-0.8266019454916842,1.9499755733382136,1
-0.5069693420109644,2.429144302752493,5.390419200280094,-1.145698901422642,3.239127333021003,1
-0.55630614047642,0.4809853381020289,2.301897982561155,-0.7482894476416682,0.8119358825753333,1
0.744728555963664,0.9046490372081014,6.027664986216843,0.8726682549527309,7.541780452601104,1
-1.0912649193789141,2.674745577527726,6.486098167154968,-0.5195394496708883,4.6709664121894,1
-0.27042495645021936,-0.09590767839150116,3.9159010200128397,-0.36533110897925475,2.3260601127531793,1
0.22146028027696985,2.0999093354240372,5.443668373642966,0.2454007545127206,2.762889693145864,1
-1.497434711232023,2.715405276837971,6.588132530523544,-1.0381380248093905,2.260690967357658,1
-1.4543784532461264,2.1908566854164837,5.0086691255367635,-0.9793485436631315,1.9422844467570637,1
-1.4428289531678857,1.8195243937766565,3.5037183013604163,0.6228479267578968,3.2792378402897473,1
-0.2797615704370865,2.587068418472651,5.952431633747501,-0.5941123853887365,2.7437320761794934,1
0.7862418842653784,2.0145819423042974,3.8303239005461336,-1.2828775706505913,1.4287120949850611,1
-0.40810357473660563,2.4061758319491413,7.29261262239486,0.062492215585807476,9.240435749827896,1
-0.4562768822733735,1.737268913590631,6.117414637169977,-1.1554594822065767,4.431023203272745,1
-1.0105075646686328,1.811973617184049,4.568241947018393,-0.6726674672298568,3.6225181471379,1
-2.7273706037619596,3.304072149142412,4.4141859816005775,-1.3482461583672665,0.6391012102181616,1
-1.3872288110236801,2.876657214041776,5.791919234155602,-0.4558377756963026,3.9877373805035408,1
-0.4239140829115299,0.9856457645279061,5.114539499888474,-0.13248408385757482,4.919960211709661,1
-0.8563955657743966,1.8318324408910998,4.46115802865071,-0.602583530874799,2.320106475150549,1
-1.4332612345056601,1.1934255877013857,3.573329746077441,-2.53388831957895,0.0173087297656761,1
0.24257069017137367,1.6086726970775378,3.39708107439294,-0.5750726926404258,4.261126567083342,1
-1.902920874531734,2.283706104507859,5.050261997209128,-1.210428083733343,-1.029089321545097,1
-1.7602642045658254,1.3930053982012272,2.3563539023052424,-0.7059635265878682,-0.7179674492601886,1
-0.7177435932854873,3.780291506943745,6.626873180192226,-0.9529073114880051,3.724131734211907,1
-1.2100203817618425,3.3671164438993464,6.157473537017741,-0.8023475047027029,4.589666216834797,1
-1.157189956139431,1.8442752387084616,7.736531326514326,-0.5162634946848715,7.042153714591007,1
-1.8008245613564753,3.2752750071777363,2.0860680376375846,-1.0658100423362227,-4.677671621323714,1
-0.6296678392125783,2.9967449600061493,7.04873341644139,-0.28303791326945377,7.311975980419623,1
-2.524241865400461,2.554129405392869,1.6269514544287687,-2.144356202946055,-0.4600765106538218,1
-0.8888716778241157,1.1018573612534608,5.262284603274228,1.014016174451497,4.068159027000367,1
-0.7130610221572972,2.1048327338403006,6.625032286152615,0.47137706261976187,6.91757122340524,1
1.0241067675466673,2.339900762659604,5.767953466998101,-0.21806192645856814,6.65090916481893,1
-0.8787420208321893,2.386544910892448,6.503610323192425,-0.06352895082240684,3.667553091894494,1
-0.25945934977044816,2.181959861447431,2.9827038546673217,-0.5749042880160683,-2.366206903789138,1
-1.070017802441127,1.9254662882171194,3.1440781911864546,-1.003478007053066,2.2123981473383894,1
-1.9726904256602913,2.396152334252315,6.570211323059882,-0.590511050093333,4.6226107067681115,1
-1.2095650637055868,2.0938391775802403,6.428373781960646,-1.1802463511561572,8.636988093555809,1
-0.33185892630854763,2.412482941748024,5.888490432873476,-0.13466231466755296,3.995222083083463,1
-0.8145347758203961,3.270461535009012,8.816099767719066,-1.0432684514627009,5.048579450399503,1
-1.1735633419249132,1.7849481507281568,4.790983559126432,-0.41197140301877294,5.190783064470731,1
-1.0513356423270042,2.8789467838352243,6.044712954235158,1.1177497442720672,4.881086148148525,1
-0.7254010679272379,1.7413566704503665,6.97403769294253,-0.9057187194612878,7.707071004770267,1
-1.3659394017658741,2.822740839152619,3.5830645688345517,-0.06363174029474905,-1.849957863638606,1
0.2047896483986108,2.7720534492939057,6.12204738489846,0.5201997776554715,7.255512452197565,1
-0.8193757517568925,1.7550511615664692,6.196899088572228,0.9213760270391854,6.274855129461405,1
-0.0342244352947918,0.8612529506017674,2.79355570981674,0.22484846254282143,1.4340511584862035,1
-1.9125830796321936,3.4831744810982053,6.054435938696742,-2.0891568431128404,0.6344905552483648,1
-0.03430151424758049,2.1360691888409717,4.849263799680201,-0.24388717169239266,6.4237119638068565,1
-0.37941235994449873,1.5088995558176808,5.651631644487236,-2.0189159198563402,3.3871502438182683,1
-0.25612548669290014,2.7519857879375778,6.621772759724047,-0.948679738483069,2.487375425418255,1
-0.8980683418046518,1.9621135381813075,4.1305233008090045,-0.43886003418198993,4.446499194864754,1
0.14402474634657136,1.4551984908196731,5.570548244854079,0.7440666312636699,7.838971716927265,1
-0.8317992317222078,2.7109333997716156,7.42848543279865,-1.4816031172902893,5.453178561299092,1
-1.0968786737151466,1.375727491264267,6.2496526807750135,-0.12736877837138735,6.327436623547748,1
-1.2454030873794166,2.9399186415331755,7.111445129909402,-0.5175773822528235,4.472462483339001,1
-1.4365328226375695,2.738245514696885,2.187219658210595,-3.4709162435418888,-4.390891356149395,1
0.5372819532661391,2.2676537976476845,6.632342357876512,-0.20579453425784672,6.567256037043195,1
-0.6534798804862224,2.4867052041944495,7.3384965898623,-1.0380511810989956,3.1306657401076077,1
-0.674174623632136,2.670852575085065,4.823788588421812,-1.5927306824015006,2.3754167466835185,1
-1.222836631966488,2.8708751051702346,6.131422502274261,-1.2796097304464558,3.6729830548212363,1
-1.1905428305351053,1.9049835531513213,4.8908454701354405,-1.127441363456372,2.5079839652302596,1
-1.002379592473452,2.485111773733242,7.185249018727346,-1.3714820581939202,2.23910999116527,1
-1.4584783047613177,3.1320735089309184,5.251949672376395,-0.9192042932669283,0.7059703768716121,1
-0.19442870476438168,1.9150115630789497,5.313082853429219,-0.2834049468635822,5.233987105207195,1
-1.1354378959046727,2.630015154164586,4.001471549172123,-1.8009160396483557,-0.9607768223661539,1
-0.8787425119070058,2.1581530245515776,4.155417608800949,0.059807313910281934,2.803896341618592,1
-0.9976337780239022,1.893848608621564,6.05716729008746,-0.6641408839797247,3.6104374978172546,1
-0.2155443822035783,2.0590902277939236,7.1277255467525755,0.6728706833104033,3.3394965813253714,1
-0.4857316920802281,2.674910977857196,8.581750702649437,-0.7538853999546569,7.881965040590945,1
-1.7951290965726399,3.7471130555287018,7.62032295146362,-0.7851691678315621,2.849489091783087,1
-2.072906453380213,2.6166579986086993,5.385835959668596,-1.610435281688989,5.267147033557504,1
-0.6850787850325375,2.902639983558875,6.720644739167351,-1.1376499978443668,4.1820723329875555,1
-1.5792941474677185,1.765420847683815,6.060039543858706,-0.3647103953657463,4.64300138480212,1
-1.5960651553463276,2.238244031475362,3.637649799282471,-0.9197580318626556,3.0712922132296816,1
-1.513670803670038,1.6973778949926246,6.185743247980352,0.4530586371123406,5.337924381756621,1
-1.3269173363699744,0.6612570326801281,3.0663563978921236,0.10574846538341975,-0.02181527111117265,1
-0.6612841994957117,1.9379457195707503,4.320090849897625,-1.01813877339871,3.5715860840467104,1
-0.7159288212187525,1.6267650904139104,1.692984786143501,-0.32739406088316936,-0.5503808444174263,1
-0.9592808271232687,2.7141000127839017,6.023941563279291,-0.7246701559928779,5.649182429179197,1
-2.34658780119269,2.771784199229362,2.596552723845673,-2.378832453968397,-2.296442546586938,1
-0.9921996281437768,2.814830906568108,7.960447128717246,-1.1682856822489405,6.512798746659637,1
0.4981557874551654,0.17310816312597416,4.237724559940829,0.3162857828282456,7.146389221375714,1
-0.01514386744416163,2.2885542092506466,4.019822622983783,-0.6259844122291391,2.094671278862349,1
-0.5286096887757427,1.9593060047799074,7.0824452286872255,0.12902920424192207,7.2415640592007975,1
-1.3246758819975657,1.01487930990737,3.4239848757654405,-1.3631492360790687,2.918815172151648,1
-1.011778022819195,2.474901159986194,7.656768760755,-1.03111179128168,9.18544065893334,1
-0.46816273378973194,1.6126524533355973,4.805270636239442,-1.5159197054115205,1.9232514381424266,1
-1.933488117886022,0.965357876019205,1.96235070565589,-1.7204187952133612,-2.942843991180206,1
-0.7759154779905744,1.0337912393098636,6.12683852197948,0.5888841665969246,8.52157477226571,1
-1.182646969102729,2.892739724389281,4.949158586716263,-0.292826541130505,5.064949973398891,1
-0.4456582948631445,2.06930146306539,5.662831169248444,0.15110300613548316,4.211789551702777,1
-1.1867243447265001,2.2369017666518087,9.048355466471218,0.2497976868924617,8.545845544523132,1
-1.135026700541366,2.270265495088578,6.332759657599374,-0.1381642513879605,4.302884027217086,1
0.0036937274112163188,2.9101655949415566,6.188860929586029,-1.1722430444036456,3.1776749518967766,1
-1.8995553851446538,2.1587383687313393,5.596552276540753,-0.2722459840408882,1.8671629460883037,1
-1.4673571894775739,2.867230533320605,5.4682666011870555,-0.912416960074407,2.520906865973453,1
-1.079599143154948,2.2328225595067543,5.512518189133637,-0.8452814515447684,3.7963624136345824,1
-1.2361958195038576,2.3693863384313825,7.352243073152356,0.21081126252443905,5.475301066442271,1
-0.28357651037165343,1.9939717353786532,8.27210639262189,-1.1021078124014856,6.659442698795194,1
-0.8791234481190433,2.025957703533953,4.173980515927278,-0.12640822989445172,2.168585900921064,1
-0.7679240690480239,1.9343508786141779,4.460145162628642,-1.6368492330280975,2.5732984475821388,1
-0.9454507518712792,2.294252680338411,2.3722377148481897,-1.1263172031303916,0.9253398092099614,1
0.3123558289354653,1.3689025275377682,3.7916362692160175,-0.3843554713764706,2.90527168948731,1
-0.32033568146920766,1.271394289805992,3.6312823376804544,0.6273251116561828,3.9283234052157363,1
2.127252601233585,-5.916087750663288,-15.117903920958575,2.2709533803528887,-13.039740380735278,2
2.844956536186021,-4.586377628592268,-8.414830157209,1.093370055478021,-3.697018524558296,2
1.2475712205939742,-5.789924719526025,-13.121554360415862,1.7501769179948186,-11.4188839851548,2
0.5053093286372878,-4.0635687557966484,-10.570861702003768,1.3409903318455505,-7.77007386809457,2
1.989745582522607,-3.1745813431867274,-7.516994587103735,2.161298028992241,-1.9795300676969552,2
1.5755623471030695,-4.85112938343344,-10.908504249935037,1.7069131339032402,-8.80939505779969,2
1.2647886963325845,-3.106095712172053,-8.76107676391402,1.2504122586339053,-7.876834873350904,2
1.5680787708427268,-4.101268196477591,-10.533119681372499,0.32691842703193785,-9.028569855020175,2
1.1590890146473098,-4.620909429800095,-12.51070141702883,0.6777456717231657,-12.677923122407595,2
1.7200695766097258,-3.502331140359476,-6.53211055506883,2.628197727492995,-0.3048965299817412,2
1.109430256594158,-4.744415472219277,-13.03230195943488,2.8468990590566947,-8.570215734490233,2
1.6872357731497811,-4.7219280137234,-7.9754333748830435,2.2096283959921528,-0.6839072455334497,2
1.6630116244712774,-4.655376491491651,-9.42308164017823,1.2751621183521835,-7.198066276650751,2
1.4994827798911996,-4.198815348253787,-9.222295939571245,0.7605952691060467,-3.1896153629396062,2
2.7130366315149375,-4.68028981674093,-9.686498605489064,2.270193918554292,-3.4104232026406804,2
1.8259120093498782,-3.720544031799861,-7.912318643276633,2.4973196708596808,-3.5784459790947967,2
1.1978899784718395,-3.2384997216875453,-6.86084641492016,3.9152133718312916,-2.966257160516311,2
1.7455853644421897,-4.565858350234569,-5.35744544719114,1.5854133714835696,0.8738834074600488,2
1.375593887818051,-4.886877803273714,-7.120468683284886,0.9813288121957886,-0.3011700868596934,2
0.3368037387266867,-4.584975245943554,-13.576683223107473,0.8789077421146063,-9.146761605418096,2
2.0588372185824744,-5.393778368547134,-11.891152501016649,1.5711165320526974,-7.836001466911705,2
0.7656796247999568,-3.6922808567191026,-11.092284511425484,1.0557223801821243,-6.183921333191908,2
2.7169230057907283,-5.524149748193017,-12.64543388701334,1.7824529138879015,-5.406945747664416,2
1.860049891856029,-4.3343281461912335,-7.235597645211309,2.680306467777762,-0.8846737064159772,2
1.7144186905313008,-3.2771304743649026,-11.750301763270155,0.4451098633758972,-6.5972328629237555,2
1.0544133013194497,-3.992315086014725,-9.552178217534662,1.1224446299095219,-4.991407579917639,2
1.7341625564189198,-3.366968793583921,-11.788331624443671,0.023354084664067187,-11.423744753942838,2
1.4414997025799579,-4.090106613201376,-9.913409899769784,1.764868345301753,-5.290134085765506,2
1.7491832699026502,-5.3535310069392565,-12.234695126263444,1.0120724222550916,-7.532149731616579,2
1.8409288104893702,-4.650367116174978,-12.92570480596694,2.1577949577212734,-13.167126530819763,2
2.2708760883573818,-5.367481743096649,-10.685032159069603,2.280242078686392,-5.452736930745291,2
1.0413555292743029,-3.4697720685351587,-5.8401567751684995,2.1457642064847757,-0.9411844249013096,2
1.6115656419573121,-3.6016102951378777,-8.164053261594969,1.2742610728286978,-3.1860900598165793,2
1.381737419329984,-5.40252602116479,-11.574981260204169,1.979464456769604,-7.887275492807428,2
1.9386984937878569,-3.1862442553521753,-9.205977450744072,0.13945143604107801,-6.379427818736255,2
1.899102831314901,-4.463275812420043,-8.121974769125742,1.3639778336927881,-0.9042284908303795,2
1.641879515435634,-4.615727066343302,-13.015492301201363,2.451832891315214,-10.414387932523988,2
2.607441038943522,-4.579288420690711,-9.335120751251512,1.8176761756532338,-4.582631774937342,2
1.2934193515801833,-5.130592480190801,-11.16411093457716,0.9595844706900255,-9.792207988693322,2
2.803728203599152,-5.710875023520329,-11.085285670763042,1.6171103973810803,-6.458797455132785,2
1.6871831673142699,-5.0324222192056025,-9.962876147135981,2.3355705083421077,-5.10502065824666,2
0.9127766284077226,-2.7455102245694016,-8.196797856043387,1.3891354640588758,-7.087365730820054,2
1.4141882601568845,-2.5497831475637773,-7.993430994168652,2.0985861619927,-5.527186339884502,2
2.382645411162441,-4.406614018583002,-11.542313477381478,-0.22813984686374877,-9.899113231364407,2
1.3974507117060821,-6.005106568179441,-14.575682512682263,2.108679348418933,-10.934900977028168,2
2.000672681781185,-5.561582004995087,-12.726578037419651,2.5571704965187734,-9.170865488142612,2
2.859342416638908,-4.926451258651129,-11.232602740865504,2.3175439440575336,-6.304118378347754,2
1.3054282500688799,-4.14888108011112,-10.311763076286814,1.1904823790731984,-7.618263599104851,2
1.6251683553057283,-3.506535796713773,-7.376826524569917,1.8567773787488893,-3.8920542604323027,2
0.6530394537757132,-6.601510283433035,-14.296814062366686,0.729128677719572,-13.723227087288713,2
2.163762922904513,-4.312777591393935,-6.9710741360389346,2.408669034972979,-1.4942158107116805,2
2.2171101594554132,-4.662100552377609,-11.335549657007363,0.9435444187228312,-9.290827236612072,2
2.359966824619813,-5.629691826840232,-12.205350226527045,2.0838773370042496,-7.779135467079275,2
1.6055712141142349,-4.095371255566496,-10.362450222877417,1.6540232761869855,-4.938675093792435,2
1.4035033982085883,-5.126087637809054,-8.648150076051847,1.652798663921471,-3.8922193049667007,2
1.563694172905804,-4.268206961861305,-11.498482274104676,1.5080885301720182,-7.34929540321201,2
1.513805603616254,-4.387526085612342,-11.406691621827969,0.9458810598509437,-7.959294822317826,2
1.481521558589474,-4.0308500247886725,-7.80106346131646,1.33316112877894,-4.839611649871779,2
1.6935602837340593,-3.945766284799638,-8.990728915201357,2.479945861925226,-6.143195311698301,2
-0.26232127634892555,-3.8832602729934385,-9.348128892688766,-0.2476047147871825,-10.577188831311428,2
2.200405100509525,-4.153586254559648,-9.52047843840135,1.357834522758584,-4.219297949462962,2
1.0100049119136085,-3.1463551529942966,-7.1611811199998945,-1.0803196297905204,-6.690366939970291,2
1.0799468507319185,-3.717809309518966,-6.186028177706256,2.625380255201436,-0.8663086716209001,2
1.4989381913224902,-3.2424409054784915,-6.772294718271145,1.150591266852268,-3.9508017726950015,2
0.3706043443008735,-5.222766961847746,-8.566964433255396,1.2620382328242343,-5.272973954623257,2
1.4303478847389892,-5.382462634638693,-12.038459737028722,2.3265527944863695,-7.765497139568158,2
1.7930554563368062,-5.666362288322984,-10.66967047014534,1.152223592446821,-7.520824156946496,2
0.960650605263992,-5.096376022082678,-8.172429080832838,1.7868853570851064,-2.805058781915563,2
1.7929393142468788,-5.74794243221609,-10.181786355705945,1.3421081384809768,-6.020099275781777,2
1.803349746806737,-4.390033929790856,-5.036865931021232,3.6056587688488655,1.7759999011405319,2
2.000683726014909,-4.2912787725917445,-10.724928025771913,2.123323008358602,-6.307426412194261,2
2.241253503045212,-3.9830169072985377,-9.22671939682409,3.2167804325591423,-2.260374410597216,2
0.895721218558935,-3.1364144582476556,-9.149933612915595,1.6927751422101691,-6.138079035485291,2
1.4214663001424537,-3.0028774258710826,-6.4075302549549775,0.3770344376688588,-2.978855131626084,2
2.0857817371438925,-4.140107398851553,-10.246477665602828,0.46866507510449185,-7.507100505500154,2
0.6101135752313951,-4.780609024372093,-11.579061546769845,1.0280303796503238,-7.301310169577469,2
2.0795004312972245,-3.3384611631562278,-11.233948845583054,2.4734893823274384,-5.176638361102198,2
1.4414744034731894,-3.9225557081169584,-7.502137475009171,2.342397646684709,-0.07233571335956401,2
2.3606978817335103,-4.785916770484768,-12.149018850012544,0.9196767395524064,-7.49157541501824,2
2.145004844641941,-4.371789083513112,-8.253492560877397,1.465262698870674,-4.601536649279163,2
1.4728308305448587,-4.8565933111190445,-10.586053691060334,1.4031577396487904,-4.078275679580514,2
1.3276384503557663,-6.262714150056256,-12.551273021953433,2.4017668109347885,-7.320735876705464,2
1.4844346685642578,-4.63716701099149,-12.39830307915178,1.7913083502940887,-7.524402742252952,2
1.4858181502530092,-4.019617576709795,-12.04166740348095,2.117786526558314,-7.842765569424569,2
1.0903062393583767,-4.3678784788307405,-13.107853985780597,1.2553457794841938,-13.252790999743606,2
1.0832919709866484,-2.832123142702148,-7.145003258053658,2.2255510114003734,-1.1675306614765946,2
0.85271051386545,-3.5727797724714923,-13.216588798773893,0.7159599985326575,-12.725829006286471,2
1.6228736991193782,-4.597433078603797,-12.982975553116045,1.0293263228694611,-12.059805253067948,2
1.876588993056501,-3.7236383729122022,-7.252215131004809,3.6402739601154837,0.2284709776135655,2
1.9557543923014733,-5.861996777866928,-13.469649549616534,1.24381295035101,-8.436259727517804,2
1.3334796467170351,-5.183736797486262,-8.429397561684793,1.5436512426824445,-4.9882269555320615,2
2.5470168219750655,-6.257672913817732,-17.67962665501887,1.3979541262813537,-14.147654887370539,2
1.6335110391411747,-4.205032609129218,-14.167559269828134,0.5041339246466576,-13.148436860408012,2
2.094518641243534,-3.9587279905823154,-9.708412107031261,2.872688866708275,-1.817181863994167,2
2.067184813162641,-5.240875188407351,-8.148765576500283,1.5433572230265398,-1.644148349426029,2
2.587960912432365,-4.2861058124114075,-11.252954519427796,3.2750950481744243,-4.199595427091279,2
1.368608618880085,-4.2441743633148645,-9.115138320270711,1.4683847848354192,-4.154999756544095,2
1.353167758156302,-4.708684457365394,-11.080239508474873,0.6434313467042584,-6.8962271745104955,2
1.9813802083973158,-4.431502038721224,-12.160858740792591,1.315031502739176,-10.651796088889657,2
2.1572836031066207,-6.049032910388237,-15.521803327116515,0.29780291468177567,-12.979342005196548,2
1.9562417717922602,-4.171506638693357,-12.266875495278406,0.1717745855789472,-11.706815763251567,2
2.0559242677079337,-4.594834541152319,-11.099101988789922,1.9009473064853912,-5.107042471841508,2
1.8416753845716967,-3.8169943516906866,-8.181662493710842,0.5199452910916725,-6.80748287065723,2
2.0885946251600545,-5.040588760614167,-13.519448089846401,0.3768909283602222,-10.340259373274568,2
0.30815602610731263,-4.044231927847171,-13.87551637645152,1.8190991322391068,-10.556380862755423,2
0.9347239482711166,-4.533840280279013,-9.046395444750642,0.7726970421030925,-6.074877230963368,2
1.0686550692163606,-4.948654492180173,-11.528678983993432,1.1122807281889884,-8.429606776094971,2
1.4726395599363704,-4.532824102388002,-11.805846483191312,1.2578188752918202,-9.449305478416383,2
2.108859075206289,-6.253190784345984,-14.808270575453708,1.4648938871110257,-12.379654827327764,2
0.7257101673896831,-5.26026206211214,-11.723457753485517,1.7758290296289088,-6.61236144980652,2
3.0225050273721905,-5.367884524807835,-11.212127403361482,2.8251518787946224,-5.116072927698109,2
2.375205194690386,-4.114702318698544,-11.17502222617141,0.5582265922046874,-8.15846461426326,2
2.2866648249964534,-4.024066128396598,-9.74176647337818,2.2662745044247514,-5.688925884307898,2
1.397138837840488,-5.231612019206774,-10.330215939211,1.7775829487212034,-7.032532206099238,2
1.7561614575043114,-4.347776290796757,-11.614538046819733,1.756635041932475,-10.149079154349637,2
2.6919634565680557,-5.650383370393798,-15.24987016455635,2.1953063466801397,-11.777739394360754,2
2.1312927498018643,-5.481247566631626,-13.506575854364156,0.27561640200679927,-12.163576920280207,2
1.9431654065659612,-6.223212178576499,-12.75422261706483,1.2732107065351261,-8.643292483917303,2
2.0767687047244405,-5.006658818292694,-12.693675417202682,1.5568271229986108,-7.580194550722716,2
2.304817770737727,-3.95663029946781,-13.151390225643375,2.025986914874181,-10.847831055984285,2
1.5968301500327033,-6.4685269231997395,-14.56697578908589,1.1483655534882862,-8.259747149100015,2
1.6556022518557227,-4.974150949589548,-13.50313553096084,1.3769880110118473,-11.015950108232868,2
1.8265017025914323,-5.1663841800634405,-8.937008061358709,1.527397585933263,-5.179471606116929,2
1.5831918494833386,-5.109226120130638,-11.590686351699318,1.583028349779768,-7.89871465950162,2
-1.0609842823389852,5.033037984927563,23.875373372029337,2.2612320171877927,32.65874350520025,3
0.19390414778788279,5.913862030772239,21.958371057080765,2.3816647937980706,30.778360677068516,3
-0.8200110329132165,5.471270571658157,24.249905611331904,2.372106510243064,31.714537345681467,3
-0.017439202306834156,5.15658727363655,24.84504300334159,2.057737748072269,33.75654424989,3
-0.027876375309441703,4.340132958668349,22.816026917371836,0.7355813455791647,28.9115024486427,3
-0.26521823502214475,5.1026850206992656,20.52182740256147,1.6650589482022224,27.954463262449377,3
-0.598962935874009,5.764185735209898,22.15932615947791,2.3971764779138836,28.837880429220004,3
-0.4632108750529707,5.181437018642956,23.543911650890557,2.4641172466373487,32.971640810827296,3
-0.0548016080349083,4.032069019915131,21.491717247449706,1.2108933745302106,27.859125409747946,3
0.06898861726717875,4.724202666679402,23.237145539550422,1.3537292475316005,32.12976596306686,3
-0.38638138007701883,4.655990324497516,22.357949632260507,2.5721151335405175,30.688700570173037,3
-0.8621759284440584,4.407904852545793,19.326698150956233,2.846996657485935,26.94003962642509,3
0.11154738200206493,4.815314624839766,20.36487595675084,1.9037458270559076,29.229108318163966,3
-0.47602308317365816,5.542949421160542,22.4286312163345,2.602462713374365,29.866071431505635,3
-1.0257346444406643,4.028421604629593,19.66314910615077,2.079626014598237,25.43747964368285,3
-0.3695737017028372,4.4657894308340245,19.340104451057993,2.543577423483426,27.00276254832794,3
0.4274904422311064,4.113476894819912,19.46679678258843,2.686806659522375,26.684651188744702,3
-1.008506365070897,3.953124405617516,18.040652409877367,1.928602034481294,25.374489427646317,3
-0.8409379436193718,4.156628533229411,17.196732627686202,2.545121670535877,24.96976565289627,3
-0.30044002412274035,3.766869294075709,18.29895869526672,-0.11317906668032007,24.11708458740223,3
-0.37039135119582756,3.8571538746077767,19.72341645847225,1.2313023783234767,26.30374922741275,3
-0.09238449165890661,4.681167175081766,17.259552473913253,1.2006925865837048,24.995924774130216,3
-0.027082530223630275,3.1275474989669307,18.15675248828204,2.0104899074459692,26.163489529173095,3
-0.7015815286125799,1.9189330115589371,16.763626568105426,0.7814065214845821,21.415305870823705,3
-1.9582602234776838,4.450445114869805,18.25300225383547,1.6444850870790737,26.165906748277475,3
0.14106693121790942,4.970274562693054,17.65458996849566,1.825758783522383,24.911529435397966,3
-0.4038961302182815,3.273077102566285,15.781571450186425,1.4596954649797325,21.609557986174508,3
0.19718658790217572,5.099945366756941,17.439568793836536,1.204317431525848,24.84957356136917,3
-0.6841578022961048,4.80067538258921,18.137393294870314,1.5477030571055284,25.524812541858655,3
0.20837037038912154,3.3119006384729346,15.24169644060872,2.529267900176346,21.265334744840928,3
-0.1533140848216578,4.279035531041867,17.40216072810588,2.229906297276995,25.424153755817752,3
0.31428158721853655,3.0251538949462407,17.328819552084976,2.4197937509623313,24.399207714201612,3
-0.031655493743738855,3.2034035343327196,15.233697311784855,2.472438483924801,21.49288051236554,3
-0.7850864706083827,3.80977876330136,15.581263130419451,1.1097261593289467,21.847663077408814,3
-0.43341878868084577,3.423135436455217,16.65020946336015,2.3356876416970915,23.77926638432354,3
-0.25299193101086626,3.2132345789886663,16.137964650860038,2.455476098548706,22.579618078060737,3
-0.4026570597798461,2.771288039909908,15.259401779933143,2.15551345014225,23.36950399787929,3
0.2180207996317996,2.9688344491892473,15.304071743558978,1.2517056709105212,21.117141999034253,3
-0.12629928730430373,2.8328037630595686,15.754565965801376,1.9429285678928017,22.262084640774173,3
-0.06303562550601777,2.831882197015262,15.042992947938014,2.1768052811849374,19.815685457958068,3
-0.016620155923573438,3.6507570387192962,15.080707931140294,1.6681738020119192,21.041251049622318,3
-0.13086370560776,0.9481637878005966,13.918264546916292,1.2431837223554127,20.752729384859904,3
-0.057030703167646135,2.119428227381266,13.767436101600644,0.9315120552139268,20.15805108311282,3
0.1426460160854229,3.724384576009654,15.171911542644368,1.8632572101199858,21.94967518646932,3
0.39870149379166403,3.3860548067434535,15.633362616778099,1.8220425777690565,22.611421195285164,3
0.9458529016755225,2.766555178153025,14.765830090495491,1.0991477787669774,20.9117210961185,3
0.031844495768934354,3.237265790739578,12.632262509359666,1.3631689484315264,18.358278853258632,3
-0.32614818682096336,2.848582347761933,12.523168560060011,2.385306674015083,19.24298335179817,3
0.45903924407371305,2.146282841822594,15.22990424422627,2.241063046862118,22.091883093440995,3
-0.5727397409691742,2.8130960305715553,12.871391798996347,1.5319586731720058,20.641043144341726,3
0.5414493370681125,3.0299462923807194,15.069167485754114,2.3862829636339677,23.27168672779214,3
-1.3416008434579547,3.0878294739726435,13.523096750856473,2.443208502237347,19.436678792245946,3
-1.846236774423398,2.7030579257286336,13.359599132698037,0.6795546769075489,19.035783791173714,3
1.71830945212545,2.214372884090686,12.965876932399517,1.2327310533548317,17.43252072794217,3
-0.019513026605726458,2.2757448085765524,12.59587843355607,1.6201188398811328,19.385317805333,3
0.0007587763251761109,1.579396514918507,12.693719726094233,0.4800692503138513,17.4020571202193,3
0.5571819880871381,2.7575142574241536,13.106729417139821,0.9391092375900706,19.4057954113715,3
-0.02891648126948329,1.4982133516236356,12.813778840688443,2.206330267405269,20.932799637422697,3
-0.1332622147129623,2.5434520186998,10.192941406819934,1.9617816254165894,16.734424113454967,3
0.30777990608567796,1.7969502045011585,11.442705379922518,0.965872066517024,16.605880760977893,3
-0.03882020340071096,1.7144696795030567,9.892263669209921,0.9136394704888166,15.299163454162105,3
0.1331947333563,2.3463453551340776,12.317246568920835,2.242187924777169,19.390533455244366,3
-0.4681516029627242,2.382395873279702,9.780696067446286,1.887335246480157,16.565335678611728,3
-0.985934503218485,1.6809052491677183,9.01308147406832,0.932021132274117,15.241014750993209,3
-0.18686309691233918,1.5710336574533441,11.810772175340468,2.1702885937311476,18.191019432090734,3
0.9441013086884638,2.7225488021080695,12.485143908106338,1.7500466378020274,21.105090357922613,3
0.5120998973612897,0.32549714071844926,12.648422450281089,2.0304215059134716,17.514531807423054,3
0.9563267572376316,3.4229246026544895,12.385268362461511,2.4084368470604725,18.708991063370416,3
0.1649610151977769,1.5512398077055551,10.477490887372719,1.3232540073464159,16.529008217923245,3
0.21421852026559818,0.752969886929844,10.788181856432407,1.6934436288315937,17.038237987953117,3
-0.02835001221352179,3.7594025811230485,12.416336697497815,1.1217184459363936,18.574610506863294,3
-0.08309048381616418,1.0417394463543954,9.449945085295205,1.9595057689878632,16.036928774516337,3
0.8817693042349591,2.3116120479451263,11.538674173173625,1.2759946774114128,17.503094388082214,3
0.6935061955227908,1.4028249260930645,10.199411529974636,2.767948678946796,17.34365708121071,3
0.6952724412627211,0.9729514040330128,8.814599486225562,1.3248246924289233,15.495109094939968,3
-0.2913374266151479,1.7305316082972324,10.125113148650808,1.2417806035737295,18.473902466042826,3
0.7069129677797448,1.2480328013131534,9.234078487698714,1.136566464600352,15.938961553979476,3
0.7362995426919816,1.8957989241026547,8.853968435817386,0.9850628690172998,15.333204015837563,3
-0.1156533671456878,1.2310130408455202,11.169103450067599,2.3684116401519617,17.203610797665657,3
-0.3905882815455512,1.3669064005925753,9.4500900944302,1.4480623266674124,15.601504170573588,3
1.1724709760433423,2.3743674567555653,9.848107039906246,2.168589278908491,17.010799081160688,3
0.6772418767679028,1.0331734109910775,9.26570106275427,1.9630247193681187,15.25758497514973,3
0.3493074109302138,2.1597924032196367,9.24831536639838,2.908153586664655,18.34545441435172,3
0.16410880771512754,1.6800345891010995,9.85250308568144,2.646835631411217,17.24125270503615,3
-0.39392346490740127,1.579495706247557,9.130543728997795,1.8962904703873933,15.371280215671431,3
1.5183109545950781,1.9734283656104377,9.586426207710653,1.1777735023118296,16.831923350940045,3
0.7500134186049527,1.5660180598154525,11.284328221017184,2.545657844324305,18.48110825355279,3
0.6874021730666665,0.40084873214941175,9.484296273788495,2.5982644687781766,16.514444727095494,3
0.7987807856046574,0.9088580822370254,8.346021664436904,1.820138932185815,15.824490543188821,3
0.09928757421854606,0.6811483290261795,6.973078320753627,2.3859857415991135,13.349647708860406,3
1.3801749680518443,1.7533572146544625,7.665260352834856,1.1565652893112865,12.614046222504891,3
-0.3523057910209274,0.1207771103491988,9.244122564467203,1.952722952373578,15.242587735403893,3
-0.7924995056409171,0.13842239547162283,8.56747676164475,2.0234340888966758,14.405470463031321,3
0.8967954952168191,1.8858327858443227,8.265031913434724,1.9663947424999724,15.23182517913115,3
2.009033161246661,-0.3409151486281191,8.98919334547357,1.9037195327450531,15.802426576656943,3
0.1981731050320759,0.9465223173493542,9.423932448898995,3.921585481235188,16.654329639712838,3
0.08891276550601412,0.5803245711287692,8.048648351160635,0.9029312541637369,15.006187254026502,3
1.0573981005847477,0.14349403917400894,9.457180277126463,2.3668885023903705,15.60774136722321,3
0.5402599809740596,1.7594121295335357,8.77761343803962,2.0322479123188484,15.22435802494855,3
0.6579948334135558,0.08629397695015528,4.933516421402558,2.9715979168594657,12.256188823826333,3
0.877052982699129,0.521882546033691,6.757768506058937,1.7986644934308265,12.804080252299674,3
2.0275012357402855,-0.06509411500645068,7.338019643048871,1.7754656831378681,15.764183055580725,3
0.6693133192698535,-0.2915521441942134,7.569527608721173,2.339089616776915,13.640124535786223,3
1.1261273227884232,2.1943888504879023,9.926172559669276,1.764930693227345,17.10830242032044,3
0.9514743176414497,1.202376291059239,8.502308350594333,2.224524633168708,17.09428600977636,3
1.2274572494294973,1.4607679777034726,7.908124798885083,2.284075005029932,17.76598392891488,3
0.6133897485423604,0.9635294184927867,7.856462355936184,2.311284662177084,14.695215561126854,3
0.030277039372929027,0.14266058510323376,9.769499883695092,2.380281313985104,17.438863555589712,3
0.5018649145790973,0.3578338434326936,8.560869667075904,1.9900144180037924,14.629025434921513,3
1.2093162629320435,0.3024092672067852,7.416873174931682,3.1022273540362977,14.672640724778827,3
0.9462585506734096,-0.3584756882328132,6.947360346790495,2.4804391059343267,13.332916914695147,3
0.9103974495097334,0.4420598812552605,7.386745444590886,2.7991613311638273,14.967589377009878,3
1.6888371449812505,-0.25501253709503574,7.323148124069784,2.2326632260338104,14.009918048348396,3
1.3961216496909103,1.815236227786337,7.770962073785105,2.583453428006782,15.595403722839091,3
0.40731344192450475,-0.6977173594442991,7.318624036140397,1.461881875893376,16.57596117970558,3
0.7776569798769826,0.13447407671360062,8.087576617295015,1.6195589577409444,14.874568427860115,3
0.9063968348997404,1.0165104079198835,8.273035528608132,2.5228592526615574,16.088875526465678,3
1.1286313193683108,0.6370723694244691,8.100528107342194,2.529234342203711,16.607264075154205,3
0.9474029444525354,0.1605336202489987,9.9745186031083,2.4619420974687753,16.068431405209612,3
0.800539031887703,0.2872966513393162,6.949053580271325,1.7999342446153035,12.200078173126897,3
1.3708938623859,-1.0725586420666116,4.573949148984474,1.8642692344623863,11.480681232185129,3
1.3522228060475878,-0.029454189432809863,8.218387505774741,2.5340907340597854,17.10199932251843,3
0.9814864687645896,0.19482002880126598,6.524898476429945,2.466019302025601,13.739717158084607,3
0.0014929618912786768,0.154234839835887,7.460932696737482,2.8532524793119376,14.885443029265922,3
0.5568217057099335,-0.4159401956979205,6.519635092119304,2.920397682729582,13.634036469897216,3
1.5024658603618382,-0.13453565345779514,5.469849784103209,2.102972683329642,13.396402586982264,3
1.1964759539550112,1.571398885965797,7.420401332870949,2.90045777225434,16.34824605729395,3
0.49589088327413766,0.2203557529770695,8.232281166391592,4.393495734626375,16.9572106834172,3
0.33588808691085104,0.12416437367669586,5.538639194415821,2.416296926643319,15.057356183213049,3
1.4786473309582995,0.15256583979766436,4.4233986282768605,2.112188515049378,11.511312803303781,3
0.3647742130724605,0.11490336286181872,6.051326789810246,2.2715147048259996,14.636697477873996,3
1.3970447815473332,1.165664550216833,6.996017329696198,1.5666116855135512,16.696958042581116,3
1.066452429232437,-0.14827492434362602,5.603907240450292,2.3107098734588583,14.148894862297235,3
1.716206354176125,-1.161768507451815,7.355316835093957,2.8226661971865177,16.052047553581865,3
2.1418364335242535,-0.4237395277975218,7.3581621157420765,3.0227352017426927,16.02047776372281,3
0.01652599992721604,-0.2061012453940794,8.61895955426104,2.5965854861543076,16.881026007917733,3
1.6877760569641351,-0.24880585672762792,7.238665841730105,2.845969455075601,17.222100968603343,3
2.5612494589391828,0.22763147236895176,7.139604815764591,2.319130263156703,14.52978997906624,3
1.211129048182634,0.18207058639622983,8.02931221099353,2.8554614934793423,18.86594638801385,3
1.3865129499377045,0.1540326932548183,7.485706594084775,2.485475677941086,16.29982263093939,3
0.4664465103649793,0.93177872989908,7.473843275640433,2.6987844133916257,16.355783148698777,3
2.9495388083301584,-0.9654737691820645,6.3057084835100286,2.9776599408200526,15.96193864485755,3
1.7830703030249495,0.8397130426135819,7.391588786447401,2.1909185352495024,16.318405110016,3
1.4013125951710146,0.9004469758400921,5.8246231178050705,3.5081743206569196,16.00011028938965,3
1.7423579462760768,-0.28325506888975366,6.913145989904818,3.3661210817855065,17.507761316111377,3
1.8609324759936203,0.10605505195315969,9.01373346250274,2.2789771752182713,20.663335254630905,3
1.5066848317922403,-1.049607628424927,5.933180968875808,2.515440876359826,14.58593832840087,3
0.772690058376727,-1.2076530343111123,5.796010966155066,2.344319533123728,14.242773226322699,3
2.5302804118529694,0.7836790800475248,8.762509897454931,3.4238064754953883,20.408151619747795,3
2.0240101064778386,-0.7821478842992335,8.206655218799598,2.716350182570801,16.85920560810237,3
1.7520770129441974,0.38688091883801695,8.674297794329721,2.286606938974737,17.491638737529893,3
1.1076540157603856,0.38806286349973934,8.026312616328516,2.5236757134361105,19.406647845602425,3
1.3940634633733253,-0.7822206801527567,7.666956760350153,3.6880763147802846,17.79831962471509,3
2.3631681432748386,0.2921452122996791,9.070320207943373,4.269788929006701,21.009262537304455,3
1.9376934105643988,0.7641379522610998,8.949254021135829,2.4170654717120477,19.170169420971806,3
2.1844330177962648,-0.507271270508623,7.581545708741861,3.6307586996525343,18.462836077506008,3
1.606074427395743,-0.050159213613808776,10.09901319263266,4.101691144633477,22.653145637984295,3
1.263421493196143,0.20334876228171506,7.440320967766855,2.7064814302470506,17.70218123102098,3
0.8620541524523206,-0.3682419870254327,9.689525933879297,2.9590363124749572,20.527178879977523,3
1.0639525711265847,-0.4513125743798122,7.647921048341627,3.2759977630422177,19.762153757560956,3
1.8092759979074036,0.01666149007619161,8.917551623338557,4.234106332261692,21.727812714520038,3
1.6218214871029348,-0.08226817783653952,9.651963671879559,3.7825241747797795,22.45382740631746,3
0.44951752386890576,-0.690673212212987,8.310150308429574,3.615606119401742,20.66114390641795,3
1.0390005906633102,-0.8186265099950583,7.417963460121743,2.8988027582927822,18.677970923962146,3
1.994451144079403,-0.9338574668573432,9.28789211986386,2.5653958114571687,20.61368933762574,3
1.3342181508167372,0.4863450926131626,7.772727568035086,2.1332613382477126,18.148231374118918,3
1.6011619052494155,0.3424977744692768,10.98165169332178,3.9753658665789886,24.421690724774017,3
1.247545148057864,0.15789291006171585,7.9324636836382565,3.0930918069631312,19.889176759268864,3
1.4145212763835016,-0.5049660839010379,8.541659695633305,3.633317947322016,19.815235532958944,3
1.4868612045586722,-1.2785776233107473,9.92886566298678,3.5263527917687654,21.121682155946427,3
2.5494010155444915,-1.4137700771614399,6.949003703477161,2.8626856075777902,19.170732243431775,3
1.874413772852426,-0.1591571564925111,9.630890335392191,2.2584336124125755,20.353399700608712,3
1.3235071228015696,-0.5561113550276144,10.015910052247643,3.410286753787968,24.582873740044636,3
2.1541121959738705,-0.5379332776382707,9.385094747367408,2.813711426730024,20.07082127286404,3
0.35165231769625027,-1.04685291909509,8.358713165362214,3.7608473256954555,20.549309983900407,3
0.8467105780711216,0.14538583519213044,10.11026367656842,4.402225649729396,21.998205045721228,3
1.9032476430043022,-0.9312874858038818,10.480351307077756,4.411550902169339,24.406811544829498,3
1.2142205288117645,-0.3033972817442124,9.414390499550294,4.748721589101114,23.70841816862094,3
2.4145833903808853,-0.5734322059951557,10.395352687128534,3.675398198586268,25.000794354255746,3
1.3102195200711628,-0.19690847637557263,8.784889313781155,2.7307231853952856,21.61056953460356,3
1.0347458180982714,-0.6875560342296995,7.717917501802715,4.411685903751507,21.076807915563847,3
1.6878050350603935,0.22663745935973095,12.094908826873183,4.302427881963489,25.451500205305763,3
0.7215688902737072,-0.9168288216025874,9.384139553220734,4.15164196232047,23.082457509584945,3
2.2145190958762577,-0.859641083661494,9.896350982986005,4.844851022401494,23.832341166027938,3
1.8008053634384145,-0.5600432740166146,11.267982054472132,3.889126814930472,25.995984183520758,3
2.295314254315472,-0.47432685397904006,10.156176246660108,5.3860974453358414,25.538907565331886,3
1.0114313091856415,-0.6238226826177407,11.038547502273774,5.370939361775852,24.759728017507193,3
2.4780222409636514,0.7990975329047384,12.450758820433848,4.466313728390806,27.70797541108198,3
1.7494871127268403,-0.5811997890979207,10.46759498740611,4.919258830323211,23.73691422723243,3
0.7262587671640366,-0.27870699035705065,11.966987809921907,4.680078145269293,26.685731550403037,3
1.985449455627657,0.4844024057421217,11.2466009368849,4.219176997672991,25.468223479259198,3
1.826469724530577,0.5991912333307474,11.241677407758335,4.500717669777366,26.058125878569403,3
2.6189573166744355,1.029657015115253,13.028688638715655,4.783352812627267,28.588076012721174,3
0.5310872428218345,0.11522118118177299,11.918243412028787,4.882635314894099,26.800643006405853,3
1.7465401075433702,-0.5689945302819007,12.60556131894167,4.442417654161501,28.782315548731816,3
2.2577278129826146,-0.9846080046038082,12.586708633362756,4.3957498075896115,27.310567575730108,3
2.9557485793509852,-0.05913560125602568,11.64319413584018,4.718536787066181,25.817584310567288,3
1.7150685566212651,-0.05894758588603566,10.337627811897566,3.0721793101262005,26.036617119070463,3
1.9328098548509651,-0.5155443191387206,11.326858188933617,4.9848288412562844,26.276523836798933,3
2.7386950248153883,-1.6734491186358098,10.384574459868364,4.886062860021159,24.21122261154242,3
1.1862909166296214,-0.4583281297342136,13.928452262708282,5.584522360082224,31.140659471477356,3
1.5492019093525098,-0.9569116266390878,11.906854366948158,4.725447017451812,26.748032942937428,3
2.0236091116614814,0.3553478518986851,11.82594775036217,5.67612998827798,28.639619465422395,3
2.0080205881214,1.0773201840260342,11.72624177226675,4.708661902127849,27.97105029939719,3
2.6985985413100306,0.7058589692504562,14.10108882050578,5.781978417821767,29.79074499179125,3
1.9298812025993068,-1.2085063978742558,14.984570323340176,5.445039509800016,30.69740561525193,3
2.9618713861332724,-0.7731708717682252,14.199357740581528,5.109421676606351,31.73829183384523,3
2.1239335254135607,-1.319209416617396,12.674947322689501,5.676948280442792,29.379748975442492,3
2.647943762922093,-0.9901982295175884,13.1891395017601,4.776433513108132,30.793287313893785,3
2.223021227773522,0.1435353669785991,14.469191909845978,5.674765656913566,31.51238609381292,3
1.423028624890486,-3.567872155007137,-4.35964775208338,2.59450500188246,4.03828709461706,0
2.2431058167249347,-4.218356171743848,3.7621962746505493,5.226937728978438,19.55012087309505,0
2.2856997853269787,-1.4965993307075762,3.0075595738622303,4.980030798285474,15.206752912477398,0
-1.8588949234976797,4.045917036835536,4.55663639514894,-5.209559907312613,-4.934087105963505,1
