ds,unique_id,y,Wind,Price,is_national_holiday,weighted_temp
2019-01-01,Demand,552.3275,71.5582,63.45458333,1.0,4.416
2019-01-02,Demand,704.5005,180.9456,60.54083333,0.0,3.9409999999999994
2019-01-03,Demand,748.3635,107.1019,64.00958333,0.0,3.977
2019-01-04,Demand,754.5094,75.4553,66.83583333,0.0,3.59
2019-01-05,Demand,680.5112,109.9057,65.32875,0.0,3.492
2019-01-06,Demand,626.5395,163.0582,59.115,0.0,4.0120000000000005
2019-01-07,Demand,725.073,158.2512,63.31958333,0.0,4.051
2019-01-08,Demand,805.3917,171.5277,62.52583333,0.0,3.758
2019-01-09,Demand,804.8132,240.7966,60.61,0.0,4.375
2019-01-10,Demand,812.677,254.5712,62.4025,0.0,3.466
2019-01-11,Demand,824.7267,208.1927,63.88625,0.0,2.493
2019-01-12,Demand,732.3303,178.126,62.45458333,0.0,3.0810000000000004
2019-01-13,Demand,685.9687,179.0782,60.13625,0.0,3.6950000000000003
2019-01-14,Demand,797.0896,176.0512,63.34208333,0.0,4.574
2019-01-15,Demand,804.6825,56.3661,67.02458333,0.0,4.402
2019-01-16,Demand,807.0088,55.128,69.42666667,0.0,4.21
2019-01-17,Demand,811.0274,94.8437,65.59625,0.0,4.331
2019-01-18,Demand,810.1431,91.2009,67.97958333,0.0,3.467
2019-01-19,Demand,729.7289,135.4013,64.75458333,0.0,3.4850000000000003
2019-01-20,Demand,671.2973,209.0973,61.75,0.0,4.627
2019-01-21,Demand,792.0998,178.7009,65.595,0.0,3.7270000000000003
2019-01-22,Demand,826.5802,237.9113,64.55166667,0.0,3.2430000000000003
2019-01-23,Demand,817.4713,372.4429,60.32375,0.0,5.377
2019-01-24,Demand,798.2663,300.8626,61.04333333,0.0,5.715000000000001
2019-01-25,Demand,778.4316,234.7441,61.98666667,0.0,5.422
2019-01-26,Demand,688.1161,114.7267,61.50041667,0.0,5.1819999999999995
2019-01-27,Demand,645.5306,291.5703,43.97958333,0.0,5.072
2019-01-28,Demand,771.6464,316.2995,55.71208333,0.0,5.249
2019-01-29,Demand,790.3429,298.8161,59.53541667,0.0,4.921
2019-01-30,Demand,790.628,271.8147,57.97875,0.0,5.176
2019-01-31,Demand,784.0166,357.7161,54.88083333,0.0,6.475
2019-02-01,Demand,771.4959,355.9023,52.68125,0.0,5.9510000000000005
2019-02-02,Demand,707.1498,335.1992,37.95541667,0.0,4.321000000000001
2019-02-03,Demand,665.6586,231.8493,48.4025,0.0,3.58
2019-02-04,Demand,789.5094,146.0373,58.95083333,0.0,3.44
2019-02-05,Demand,788.7761,93.6479,60.41208333,0.0,4.989
2019-02-06,Demand,775.0344,71.7663,61.26125,0.0,5.452
2019-02-07,Demand,765.5951,86.7571,58.08958333,0.0,5.313
2019-02-08,Demand,756.3775,130.418,56.47291667,0.0,5.196
2019-02-09,Demand,678.5932,149.6813,54.355,0.0,5.143
2019-02-10,Demand,636.3002,243.1198,37.69541667,0.0,5.718
2019-02-11,Demand,743.4423,132.5857,56.24958333,0.0,6.002
2019-02-12,Demand,761.4051,78.2748,60.56208333,0.0,5.321
2019-02-13,Demand,755.7453,71.5708,61.51,0.0,5.558
2019-02-14,Demand,751.6451,145.5108,56.38041667,0.0,5.547000000000001
2019-02-15,Demand,747.5157,98.4522,55.28666667,0.0,5.695
2019-02-16,Demand,665.117,149.1878,51.19,0.0,6.122
2019-02-17,Demand,619.1821,159.7313,47.04083333,0.0,5.87
2019-02-18,Demand,739.9318,105.592,56.26875,0.0,5.743
2019-02-19,Demand,751.2372,29.4443,58.88958333,0.0,5.995000000000001
2019-02-20,Demand,745.1379,65.019,57.50791667,0.0,6.04
2019-02-21,Demand,738.4961,109.01,54.76333333,0.0,6.1899999999999995
2019-02-22,Demand,729.4449,100.5213,53.27625,0.0,6.865
2019-02-23,Demand,649.1511,105.1752,51.77333333,0.0,6.696
2019-02-24,Demand,601.6421,83.7089,51.08291667,0.0,6.9110000000000005
2019-02-25,Demand,713.4928,65.118,55.31916667,0.0,6.7620000000000005
2019-02-26,Demand,720.4919,101.5487,53.12791667,0.0,7.370000000000001
2019-02-27,Demand,718.6234,99.1282,52.80791667,0.0,7.279000000000001
2019-02-28,Demand,702.5628,103.9224,52.92916667,0.0,6.967999999999999
2019-03-01,Demand,708.7426,91.2128,54.44291667,0.0,6.873
2019-03-02,Demand,635.6451,134.0893,48.74625,0.0,7.256
2019-03-03,Demand,587.0167,185.0894,39.78208333,0.0,7.615
2019-03-04,Demand,693.0462,233.4454,41.1075,0.0,7.616999999999999
2019-03-05,Demand,711.1323,175.5037,52.61,0.0,7.411000000000001
2019-03-06,Demand,728.465,336.8185,37.8225,0.0,7.0
2019-03-07,Demand,722.3931,188.6821,50.47416667,0.0,6.106000000000001
2019-03-08,Demand,709.6185,73.9548,55.70416667,0.0,6.445
2019-03-09,Demand,631.9966,67.62,54.38541667,0.0,7.055
2019-03-10,Demand,578.8259,109.5031,47.23166667,0.0,7.785
2019-03-11,Demand,682.3884,113.6714,51.8875,0.0,8.019
2019-03-12,Demand,702.1016,144.115,52.03958333,0.0,7.8740000000000006
2019-03-13,Demand,715.3884,213.8723,45.86,0.0,6.617
2019-03-14,Demand,711.9646,151.6788,51.58916667,0.0,6.739000000000001
2019-03-15,Demand,700.3866,93.4087,54.78666667,0.0,7.818
2019-03-16,Demand,623.5866,95.7712,51.29,0.0,8.185
2019-03-17,Demand,578.7383,192.9649,34.74708333,0.0,7.470000000000001
2019-03-18,Demand,672.6181,170.5465,48.76875,0.0,6.49
2019-03-19,Demand,665.1491,182.422,49.88458333,0.0,6.697
2019-03-20,Demand,710.232,176.6877,48.63916667,0.0,6.287
2019-03-21,Demand,717.9959,122.0794,52.42875,0.0,5.904
2019-03-22,Demand,710.1186,84.1403,55.72791667,0.0,6.989999999999999
2019-03-23,Demand,631.0009,96.6128,51.22083333,0.0,7.914
2019-03-24,Demand,577.3717,134.7331,44.30208333,0.0,8.364
2019-03-25,Demand,677.6533,241.298,42.53166667,0.0,8.514
2019-03-26,Demand,694.5561,290.1584,41.08708333,0.0,7.998
2019-03-27,Demand,697.0271,210.6548,47.18041667,0.0,7.097
2019-03-28,Demand,695.0713,168.2226,50.82666667,0.0,7.039
2019-03-29,Demand,695.6319,140.0854,52.99833333,0.0,7.273000000000001
2019-03-30,Demand,622.8095,111.1427,51.93291667,0.0,7.484
2019-03-31,Demand,564.4668,74.3467,51.46565217,0.0,7.226999999999999
2019-04-01,Demand,692.0074,42.2152,58.43375,0.0,7.525
2019-04-02,Demand,706.6711,59.779,57.98208333,0.0,7.567
2019-04-03,Demand,706.1546,169.1801,52.92625,0.0,7.044
2019-04-04,Demand,711.5381,152.1766,53.38583333,0.0,5.901999999999999
2019-04-05,Demand,722.7315,206.2366,51.35166667,0.0,5.531000000000001
2019-04-06,Demand,643.6008,265.7922,44.30041667,0.0,5.493
2019-04-07,Demand,600.9373,217.4771,47.2225,0.0,5.891
2019-04-08,Demand,709.226,185.274,53.25833333,0.0,6.993
2019-04-09,Demand,721.4163,235.3839,50.30833333,0.0,6.279
2019-04-10,Demand,718.3263,205.6335,50.82958333,0.0,6.609999999999999
2019-04-11,Demand,713.2361,163.38,54.65291667,0.0,7.101
2019-04-12,Demand,702.4611,127.9549,56.96916667,0.0,7.469000000000001
2019-04-13,Demand,622.1674,70.3004,57.54166667,0.0,7.945000000000001
2019-04-14,Demand,571.9026,95.3856,52.61666667,0.0,8.709
2019-04-15,Demand,668.6564,162.2949,53.8,0.0,9.01
2019-04-16,Demand,674.9564,96.4168,57.17458333,0.0,8.456000000000001
2019-04-17,Demand,668.0334,231.2494,47.05,0.0,8.829
2019-04-18,Demand,594.6773,111.2231,55.09208333,0.0,7.4239999999999995
2019-04-19,Demand,547.1175,184.7209,37.31375,1.0,7.577
2019-04-20,Demand,561.4816,227.2337,31.74916667,0.0,8.279
2019-04-21,Demand,542.536,133.6688,39.68791667,0.0,7.827000000000001
2019-04-22,Demand,588.1765,92.4239,55.76208333,0.0,8.469
2019-04-23,Demand,650.7138,186.0977,49.2225,0.0,7.379
2019-04-24,Demand,692.6833,293.8514,40.00791667,0.0,6.765000000000001
2019-04-25,Demand,692.9026,297.2365,29.68583333,0.0,7.669
2019-04-26,Demand,679.0059,181.8639,48.92458333,0.0,7.925000000000001
2019-04-27,Demand,600.1305,91.2205,55.66583333,0.0,8.462
2019-04-28,Demand,538.1588,112.8491,52.6025,0.0,9.291
2019-04-29,Demand,641.2958,70.9718,57.90916667,0.0,9.911000000000001
2019-04-30,Demand,656.1372,62.5759,58.77875,0.0,10.189
2019-05-01,Demand,549.8008,115.0598,50.28625,1.0,10.045
2019-05-02,Demand,634.4175,186.8739,45.64625,0.0,10.068999999999999
2019-05-03,Demand,657.9811,161.2272,50.0975,0.0,8.888
2019-05-04,Demand,596.8033,157.2045,44.47333333,0.0,8.796999999999999
2019-05-05,Demand,551.6483,175.1967,33.87,0.0,8.915
2019-05-06,Demand,655.555,56.8717,53.05041667,0.0,8.991999999999999
2019-05-07,Demand,676.4363,141.4195,51.92208333,0.0,9.217
2019-05-08,Demand,682.957,307.8956,38.7675,0.0,9.603
2019-05-09,Demand,681.8092,230.5327,45.79666667,0.0,9.459
2019-05-10,Demand,674.7972,194.8485,47.26541667,0.0,10.631000000000002
2019-05-11,Demand,603.4783,124.9951,49.91625,0.0,11.015
2019-05-12,Demand,551.7041,186.8135,36.42041667,0.0,10.74
2019-05-13,Demand,655.6571,189.9053,47.12708333,0.0,11.216
2019-05-14,Demand,676.9106,110.3728,51.41791667,0.0,10.989999999999998
2019-05-15,Demand,677.9949,91.9117,53.69791667,0.0,11.370999999999999
2019-05-16,Demand,682.8299,130.2825,52.4725,0.0,10.522
2019-05-17,Demand,666.3435,288.2652,43.79791667,0.0,8.498
2019-05-18,Demand,594.9095,152.2636,46.305,0.0,8.222999999999999
2019-05-19,Demand,550.9439,130.0081,48.06791667,0.0,8.508
2019-05-20,Demand,653.0309,68.8356,52.74291667,0.0,9.143
2019-05-21,Demand,672.4997,50.0577,56.86708333,0.0,10.109000000000002
2019-05-22,Demand,681.3454,43.6838,57.985,0.0,10.779000000000002
2019-05-23,Demand,680.1165,59.788,57.06916667,0.0,11.312999999999999
2019-05-24,Demand,673.5036,162.6798,49.04333333,0.0,10.442
2019-05-25,Demand,598.0092,184.2253,42.32916667,0.0,10.552
2019-05-26,Demand,546.8898,152.5464,40.46208333,0.0,11.052
2019-05-27,Demand,661.0518,137.0618,50.67375,0.0,11.323
2019-05-28,Demand,681.1166,182.8797,47.1625,0.0,11.001999999999999
2019-05-29,Demand,679.9192,176.5001,47.57791667,0.0,11.117999999999999
2019-05-30,Demand,676.941,109.6522,52.41333333,0.0,11.751999999999999
2019-05-31,Demand,680.9275,88.6588,55.32166667,0.0,12.642000000000001
2019-06-01,Demand,619.1015,78.5004,53.28458333,0.0,13.092
2019-06-02,Demand,572.6171,93.0694,47.8175,0.0,13.1
2019-06-03,Demand,686.0746,77.0606,53.415,0.0,12.970999999999998
2019-06-04,Demand,702.5733,152.461,49.41125,0.0,11.938
2019-06-05,Demand,689.2179,181.6964,45.32708333,0.0,10.386000000000001
2019-06-06,Demand,679.7889,173.7508,43.82416667,0.0,10.325000000000001
2019-06-07,Demand,677.6188,188.5034,41.63458333,0.0,10.438
2019-06-08,Demand,609.1398,103.7499,46.25208333,0.0,11.186
2019-06-09,Demand,560.7808,86.0849,43.29833333,0.0,11.352
2019-06-10,Demand,651.14,119.4069,44.73708333,0.0,11.091
2019-06-11,Demand,673.8976,137.8545,45.36291667,0.0,9.566
2019-06-12,Demand,680.2379,77.9162,48.20416667,0.0,10.042
2019-06-13,Demand,685.2164,109.7046,46.405,0.0,10.914
2019-06-14,Demand,680.4834,102.185,46.3225,0.0,10.785
2019-06-15,Demand,612.03,88.805,45.56625,0.0,10.7
2019-06-16,Demand,563.8925,54.7934,46.67291667,0.0,11.497
2019-06-17,Demand,674.038,51.0191,49.19,0.0,12.063999999999998
2019-06-18,Demand,697.1788,143.6499,46.6025,0.0,12.258000000000001
2019-06-19,Demand,703.1413,98.0246,46.99166667,0.0,12.146
2019-06-20,Demand,691.4109,87.5542,46.56791667,0.0,11.848
2019-06-21,Demand,690.4065,96.4651,46.7225,0.0,12.2
2019-06-22,Demand,630.5932,78.4567,46.18875,0.0,12.805
2019-06-23,Demand,585.9941,104.45,42.6075,0.0,13.279000000000002
2019-06-24,Demand,647.7784,74.6847,48.61041667,0.0,13.151000000000002
2019-06-25,Demand,723.426,59.6089,50.07375,0.0,13.641999999999998
2019-06-26,Demand,751.0615,132.6802,47.27625,0.0,14.732999999999999
2019-06-27,Demand,767.9924,157.5974,49.53083333,0.0,14.9
2019-06-28,Demand,777.0897,78.4945,51.94083333,0.0,15.468
2019-06-29,Demand,710.0461,62.9057,49.26416667,0.0,15.600000000000001
2019-06-30,Demand,657.4769,88.4063,46.70375,0.0,14.603
2019-07-01,Demand,759.4605,129.3308,48.32208333,0.0,13.711
2019-07-02,Demand,767.9091,130.1306,48.8075,0.0,14.1785
2019-07-03,Demand,768.4949,102.2199,50.95208333,0.0,14.646
2019-07-04,Demand,766.3524,92.8931,53.06458333,0.0,14.103
2019-07-05,Demand,767.1005,59.6426,56.02375,0.0,14.049000000000001
2019-07-06,Demand,690.2154,64.7931,51.7825,0.0,14.003
2019-07-07,Demand,636.9138,84.4539,49.62291667,0.0,13.957
2019-07-08,Demand,733.5102,117.7908,51.15208333,0.0,13.186
2019-07-09,Demand,730.9294,104.2451,52.47875,0.0,13.073999999999998
2019-07-10,Demand,742.8694,79.516,51.4225,0.0,13.758
2019-07-11,Demand,775.0347,59.4929,53.99541667,0.0,14.959999999999999
2019-07-12,Demand,783.7309,63.6108,57.09458333,0.0,15.021
2019-07-13,Demand,693.2068,111.8613,51.31125,0.0,14.481000000000002
2019-07-14,Demand,625.7848,116.5949,48.89125,0.0,13.921999999999999
2019-07-15,Demand,749.8112,122.7892,52.36333333,0.0,14.208
2019-07-16,Demand,764.9129,118.0383,51.50166667,0.0,14.224999999999998
2019-07-17,Demand,761.2406,96.7776,52.67458333,0.0,13.774
2019-07-18,Demand,757.1903,76.1912,53.9225,0.0,14.262
2019-07-19,Demand,769.6163,85.9633,52.46375,0.0,15.155
2019-07-20,Demand,701.8202,88.5194,50.59375,0.0,15.442
2019-07-21,Demand,649.4661,97.9202,49.30208333,0.0,15.185
2019-07-22,Demand,787.8461,121.2228,56.12583333,0.0,15.634
2019-07-23,Demand,813.1509,110.7127,55.02875,0.0,15.736
2019-07-24,Demand,814.9328,81.6005,55.83083333,0.0,15.597000000000001
2019-07-25,Demand,787.3554,118.3914,53.6725,0.0,15.084
2019-07-26,Demand,762.962,102.1646,52.335,0.0,14.234
2019-07-27,Demand,658.1344,162.8666,45.94166667,0.0,12.638000000000002
2019-07-28,Demand,595.8618,87.8062,45.59291667,0.0,12.919999999999998
2019-07-29,Demand,717.9213,109.0851,47.96666667,0.0,13.726999999999999
2019-07-30,Demand,731.7715,108.0109,48.03291667,0.0,13.831999999999999
2019-07-31,Demand,718.8163,136.342,47.11291667,0.0,13.973
2019-08-01,Demand,741.8601,92.3313,48.21458333,0.0,14.47
2019-08-02,Demand,738.0201,60.208,48.85333333,0.0,14.733999999999998
2019-08-03,Demand,664.8903,55.2941,47.40916667,0.0,14.611
2019-08-04,Demand,619.8889,59.4246,46.40791667,0.0,14.581999999999999
2019-08-05,Demand,726.3191,54.2029,50.27333333,0.0,14.897000000000002
2019-08-06,Demand,747.648,67.1087,49.96791667,0.0,14.692
2019-08-07,Demand,739.0412,92.446,49.45875,0.0,14.256
2019-08-08,Demand,751.2761,125.2987,47.88666667,0.0,14.924
2019-08-09,Demand,752.288,194.5056,43.95333333,0.0,14.658000000000001
2019-08-10,Demand,676.4757,71.8325,46.19375,0.0,14.285
2019-08-11,Demand,610.1757,99.1216,42.47958333,0.0,13.673
2019-08-12,Demand,669.9449,133.9505,43.59458333,0.0,12.908999999999999
2019-08-13,Demand,669.8152,109.0591,42.92875,0.0,13.056
2019-08-14,Demand,680.4888,64.6663,45.69583333,0.0,13.932999999999998
2019-08-15,Demand,621.1868,78.094,40.7825,1.0,14.696
2019-08-16,Demand,671.4339,56.7276,44.47875,0.0,14.644000000000002
2019-08-17,Demand,647.3222,89.8323,41.9075,0.0,15.109999999999998
2019-08-18,Demand,611.2806,107.8048,38.87916667,0.0,14.392
2019-08-19,Demand,700.4682,126.0169,41.48041667,0.0,14.078999999999999
2019-08-20,Demand,700.0645,155.7861,40.02541667,0.0,13.625999999999998
2019-08-21,Demand,695.7509,131.5388,41.11458333,0.0,13.431000000000001
2019-08-22,Demand,705.3187,111.6096,40.99625,0.0,14.055999999999997
2019-08-23,Demand,704.9398,84.7736,41.4075,0.0,14.344999999999999
2019-08-24,Demand,644.6617,65.9162,42.13958333,0.0,14.498000000000001
2019-08-25,Demand,602.0649,108.3647,39.28083333,0.0,14.402
2019-08-26,Demand,709.8683,114.7339,43.17625,0.0,12.856
2019-08-27,Demand,708.8464,32.0007,50.31125,0.0,12.594
2019-08-28,Demand,718.0902,26.4497,51.19375,0.0,13.809
2019-08-29,Demand,733.1372,61.1272,50.06541667,0.0,15.094
2019-08-30,Demand,740.3855,51.7953,49.38833333,0.0,14.701
2019-08-31,Demand,661.9186,45.7286,43.83875,0.0,14.245999999999999
2019-09-01,Demand,614.3105,121.4058,39.31875,0.0,14.024
2019-09-02,Demand,722.623,213.2608,39.11375,0.0,13.001999999999999
2019-09-03,Demand,753.1195,103.0491,43.49125,0.0,12.676374999999998
2019-09-04,Demand,758.5844,106.5025,43.39291667,0.0,12.35075
2019-09-05,Demand,736.5782,233.7884,37.37125,0.0,12.025125
2019-09-06,Demand,712.4312,243.1116,36.28541667,0.0,11.6995
2019-09-07,Demand,633.4325,213.01,32.86916667,0.0,11.373875
2019-09-08,Demand,585.6948,130.8705,34.39375,0.0,11.04825
2019-09-09,Demand,682.6939,87.0353,43.57958333,0.0,10.722625
2019-09-10,Demand,687.8614,281.8884,34.31541667,0.0,10.397
2019-09-11,Demand,655.253,250.3676,34.3325,0.0,11.556999999999999
2019-09-12,Demand,678.9376,157.3345,38.42083333,0.0,12.086999999999998
2019-09-13,Demand,667.394,173.8732,38.9375,0.0,11.624000000000002
2019-09-14,Demand,598.2243,146.7874,37.23458333,0.0,11.777000000000001
2019-09-15,Demand,563.4753,98.509,38.05791667,0.0,11.956999999999999
2019-09-16,Demand,681.8942,39.2851,47.98375,0.0,12.27
2019-09-17,Demand,701.9716,35.7027,50.40375,0.0,12.551
2019-09-18,Demand,703.5002,34.288,50.24125,0.0,12.411999999999999
2019-09-19,Demand,704.0261,39.7997,50.60833333,0.0,12.344000000000001
2019-09-20,Demand,696.0297,102.0734,48.50416667,0.0,12.023000000000001
2019-09-21,Demand,617.9287,146.8143,39.86083333,0.0,11.381
2019-09-22,Demand,566.0238,156.2951,37.76333333,0.0,11.52
2019-09-23,Demand,664.4346,107.6713,45.70041667,0.0,11.138000000000002
2019-09-24,Demand,685.8344,156.4425,42.99166667,0.0,11.878999999999998
2019-09-25,Demand,697.0834,108.0573,44.01458333,0.0,11.745
2019-09-26,Demand,697.0164,59.6302,48.545,0.0,11.774000000000001
2019-09-27,Demand,694.8598,53.4052,48.5575,0.0,12.222999999999999
2019-09-28,Demand,615.5492,39.2982,45.68083333,0.0,12.163
2019-09-29,Demand,562.7993,97.7724,42.07291667,0.0,12.216999999999999
2019-09-30,Demand,676.2071,54.5541,49.36875,0.0,12.245
2019-10-01,Demand,698.3432,144.8081,47.32916667,0.0,11.772999999999998
2019-10-02,Demand,690.7376,162.6363,43.42166667,0.0,11.132000000000001
2019-10-03,Demand,680.8092,111.7107,48.29,0.0,10.687
2019-10-04,Demand,678.1895,51.8371,52.73625,0.0,11.067
2019-10-05,Demand,606.0709,48.7001,49.06583333,0.0,11.208
2019-10-06,Demand,558.9427,87.0482,45.23708333,0.0,11.302000000000001
2019-10-07,Demand,666.012,108.8297,50.49708333,0.0,11.565000000000001
2019-10-08,Demand,690.6496,69.8866,54.31708333,0.0,11.917
2019-10-09,Demand,675.2199,83.3262,47.88625,0.0,11.848
2019-10-10,Demand,684.008,91.877,46.95958333,0.0,11.237
2019-10-11,Demand,675.4497,110.0441,48.46083333,0.0,11.713000000000001
2019-10-12,Demand,582.7858,185.8384,39.22458333,1.0,12.094999999999999
2019-10-13,Demand,554.2737,179.621,37.96916667,0.0,11.790999999999999
2019-10-14,Demand,664.5261,245.7629,42.42416667,0.0,10.516
2019-10-15,Demand,668.1129,206.36,42.56791667,0.0,8.538
2019-10-16,Demand,671.4601,155.0605,43.23625,0.0,8.882
2019-10-17,Demand,673.5566,136.5745,47.08708333,0.0,9.1
2019-10-18,Demand,661.9844,128.6813,46.08375,0.0,10.035
2019-10-19,Demand,600.6841,148.8488,43.35916667,0.0,9.702
2019-10-20,Demand,553.9019,133.0333,41.45208333,0.0,8.689
2019-10-21,Demand,657.8491,29.3664,54.33625,0.0,7.449999999999999
2019-10-22,Demand,688.8703,147.2341,49.40458333,0.0,7.518000000000001
2019-10-23,Demand,692.685,148.8453,45.73833333,0.0,7.474
2019-10-24,Demand,687.0428,175.4421,45.4025,0.0,7.735
2019-10-25,Demand,677.1667,107.6078,48.7975,0.0,8.648
2019-10-26,Demand,597.6817,100.8,45.85791667,0.0,9.202
2019-10-27,Demand,577.759,60.967,46.1056,0.0,9.439
2019-10-28,Demand,661.3702,60.3476,53.8525,0.0,9.689
2019-10-29,Demand,679.2374,71.1524,53.90458333,0.0,9.226
2019-10-30,Demand,678.6308,101.4318,51.96083333,0.0,9.678
2019-10-31,Demand,668.7964,152.5723,49.26208333,0.0,10.184
2019-11-01,Demand,575.7105,260.6118,32.835,1.0,10.02
2019-11-02,Demand,574.14,314.0599,28.43875,0.0,9.964
2019-11-03,Demand,550.7502,362.9367,18.8775,0.0,9.396
2019-11-04,Demand,664.2096,353.3551,28.47875,0.0,9.212000000000002
2019-11-05,Demand,684.67,334.592,29.62416667,0.0,7.772
2019-11-06,Demand,689.3709,230.9966,40.64375,0.0,7.268
2019-11-07,Demand,700.2334,249.8732,39.2975,0.0,6.930000000000001
2019-11-08,Demand,710.7575,307.6251,37.59458333,0.0,5.808
2019-11-09,Demand,638.4098,257.7009,40.91541667,0.0,5.766
2019-11-10,Demand,592.7694,300.0819,37.26625,0.0,5.861999999999999
2019-11-11,Demand,721.7033,221.5591,44.73791667,0.0,5.99
2019-11-12,Demand,734.1192,225.8679,48.05916667,0.0,6.425
2019-11-13,Demand,733.5186,250.6727,48.19083333,0.0,6.946
2019-11-14,Demand,750.4355,306.4306,45.52458333,0.0,5.3660000000000005
2019-11-15,Demand,751.8222,225.4788,48.20791667,0.0,4.511
2019-11-16,Demand,673.6684,162.1644,45.74916667,0.0,4.181
2019-11-17,Demand,635.929,222.3591,43.335,0.0,4.683
2019-11-18,Demand,745.2135,188.8688,50.0125,0.0,5.257000000000001
2019-11-19,Demand,770.0098,98.1571,57.48875,0.0,4.276
2019-11-20,Demand,778.199,110.8495,57.84625,0.0,4.343999999999999
2019-11-21,Demand,776.6728,142.2733,55.42416667,0.0,5.4750000000000005
2019-11-22,Demand,770.0411,292.3488,46.31166667,0.0,6.5440000000000005
2019-11-23,Demand,665.662,349.4874,36.77708333,0.0,6.687
2019-11-24,Demand,617.0269,262.497,41.01666667,0.0,6.053
2019-11-25,Demand,733.1944,244.3252,47.12291667,0.0,7.02
2019-11-26,Demand,741.0767,271.5551,44.81083333,0.0,7.618
2019-11-27,Demand,728.8879,309.7073,42.07125,0.0,7.787999999999999
2019-11-28,Demand,731.6384,254.4198,40.21458333,0.0,7.034
2019-11-29,Demand,719.9223,130.9127,47.52958333,0.0,7.42
2019-11-30,Demand,638.9062,191.8699,41.36083333,0.0,7.224
2019-12-01,Demand,608.2705,134.9618,43.28708333,0.0,6.239
2019-12-02,Demand,725.8439,261.5613,44.81875,0.0,5.524000000000001
2019-12-03,Demand,747.0112,167.4,50.08125,0.0,5.029999999999999
2019-12-04,Demand,755.787,134.7751,53.94666667,0.0,5.6579999999999995
2019-12-05,Demand,749.5681,170.5619,47.66541667,0.0,6.014
2019-12-06,Demand,652.1649,53.0963,47.67125,1.0,6.154
2019-12-07,Demand,639.1496,40.1481,47.25875,0.0,5.581
2019-12-08,Demand,612.8056,124.5038,40.97791667,0.0,4.99
2019-12-09,Demand,687.9624,200.7437,41.3575,0.0,6.001
2019-12-10,Demand,747.0947,160.5041,46.6,0.0,4.972
2019-12-11,Demand,759.2309,245.0734,43.39833333,0.0,4.757000000000001
2019-12-12,Demand,771.7252,359.8556,38.57833333,0.0,5.22
2019-12-13,Demand,745.6563,406.1454,27.17208333,0.0,8.107
2019-12-14,Demand,656.1635,304.8235,28.02875,0.0,7.026999999999999
2019-12-15,Demand,617.9556,186.6234,26.06291667,0.0,6.444999999999999
2019-12-16,Demand,737.5494,236.3555,40.26875,0.0,6.491
2019-12-17,Demand,749.5599,113.6423,42.89375,0.0,6.353
2019-12-18,Demand,747.7579,206.589,38.64708333,0.0,5.926
2019-12-19,Demand,746.3065,321.0658,22.70625,0.0,6.986
2019-12-20,Demand,704.6375,314.2706,17.43333333,0.0,7.9
2019-12-21,Demand,622.9181,275.9852,2.534166667,0.0,8.366
2019-12-22,Demand,577.7083,258.4167,1.942083333,0.0,7.711
2019-12-23,Demand,630.4525,214.5042,23.40375,0.0,6.622999999999999
2019-12-24,Demand,574.5084,118.3098,20.95833333,0.0,6.414999999999999
2019-12-25,Demand,499.7735,82.6144,14.23666667,1.0,6.532
2019-12-26,Demand,586.2128,114.9866,25.41375,0.0,6.514
2019-12-27,Demand,631.0643,75.5944,32.72166667,0.0,5.691999999999999
2019-12-28,Demand,603.2806,61.0641,31.09,0.0,5.321000000000001
2019-12-29,Demand,577.2939,53.488,31.79458333,0.0,5.328000000000001
2019-12-30,Demand,646.3028,47.682,36.72666667,0.0,4.862
2019-12-31,Demand,617.2858,39.4426,38.27583333,0.0,4.617000000000001
2020-01-01,Demand,545.5413,25.8241,35.54041667,1.0,4.372000000000001
2020-01-02,Demand,682.281,74.6576,39.995,0.0,4.115
2020-01-03,Demand,713.9678,88.4673,39.50625,0.0,3.664
2020-01-04,Demand,655.6577,125.6768,35.67083333,0.0,4.349
2020-01-05,Demand,618.334,64.7784,38.17541667,0.0,4.453
2020-01-06,Demand,598.9848,47.188,42.16625,1.0,4.24
2020-01-07,Demand,749.9493,55.5949,47.0125,0.0,4.45
2020-01-08,Demand,780.4547,57.4165,46.80625,0.0,4.709
2020-01-09,Demand,782.65,122.9093,44.20583333,0.0,4.924
2020-01-10,Demand,781.5353,174.8401,40.56916667,0.0,4.809
2020-01-11,Demand,699.6238,73.5539,41.83916667,0.0,3.779
2020-01-12,Demand,662.8888,56.2346,42.35958333,0.0,3.332
2020-01-13,Demand,797.3548,127.7081,46.48708333,0.0,3.4280000000000004
2020-01-14,Demand,806.9302,197.4601,38.67791667,0.0,4.015
2020-01-15,Demand,795.2318,184.8975,38.45125,0.0,4.808
2020-01-16,Demand,785.91,210.1271,38.53,0.0,5.7780000000000005
2020-01-17,Demand,772.2108,206.665,39.39666667,0.0,6.095
2020-01-18,Demand,691.4976,174.0024,38.29541667,0.0,5.189
2020-01-19,Demand,651.7765,350.9494,29.76458333,0.0,5.187
2020-01-20,Demand,804.9973,367.2658,35.71083333,0.0,4.086
2020-01-21,Demand,828.2968,304.3527,39.10458333,0.0,4.38
2020-01-22,Demand,811.9005,176.1448,47.27125,0.0,5.125
2020-01-23,Demand,796.0963,82.7623,53.95416667,0.0,5.273
2020-01-24,Demand,784.8522,65.4123,53.70583333,0.0,5.2669999999999995
2020-01-25,Demand,700.5683,52.6912,48.17541667,0.0,5.451999999999999
2020-01-26,Demand,644.7018,140.2727,40.00791667,0.0,5.2010000000000005
2020-01-27,Demand,768.4316,251.7968,39.34041667,0.0,5.156000000000001
2020-01-28,Demand,769.4913,225.0784,38.47041667,0.0,6.722999999999999
2020-01-29,Demand,755.354,204.3195,39.77125,0.0,6.356
2020-01-30,Demand,741.915,221.3621,37.94875,0.0,6.462
2020-01-31,Demand,728.3336,194.5417,37.23291667,0.0,7.158
2020-02-01,Demand,647.9361,231.1512,29.23166667,0.0,7.83
2020-02-02,Demand,594.8405,168.2523,27.84708333,0.0,7.886000000000001
2020-02-03,Demand,696.0491,119.0145,40.66,0.0,7.938000000000001
2020-02-04,Demand,710.5856,183.3458,37.82166667,0.0,7.390000000000001
2020-02-05,Demand,720.7631,162.6645,36.82,0.0,6.005000000000001
2020-02-06,Demand,730.0682,136.963,38.6375,0.0,5.606000000000001
2020-02-07,Demand,735.6908,95.2643,39.87291667,0.0,5.738
2020-02-08,Demand,661.2627,62.5758,39.05458333,0.0,5.848
2020-02-09,Demand,615.0749,162.8498,30.08041667,0.0,6.383
2020-02-10,Demand,715.138,214.2527,31.81291667,0.0,7.258
2020-02-11,Demand,726.3565,108.7168,41.98875,0.0,6.861
2020-02-12,Demand,728.5934,47.3548,44.28291667,0.0,6.762
2020-02-13,Demand,722.1681,152.2238,38.22916667,0.0,7.037
2020-02-14,Demand,718.6739,68.8857,41.74125,0.0,6.497
2020-02-15,Demand,642.3069,125.588,35.17208333,0.0,6.754
2020-02-16,Demand,596.5516,194.3994,24.4775,0.0,7.444
2020-02-17,Demand,701.6288,180.7031,35.95833333,0.0,7.007
2020-02-18,Demand,728.3723,116.9701,38.23041667,0.0,6.518999999999999
2020-02-19,Demand,727.1975,87.5552,42.755,0.0,6.109
2020-02-20,Demand,725.0773,98.2096,42.52875,0.0,6.206
2020-02-21,Demand,714.336,105.9414,39.28666667,0.0,6.9350000000000005
2020-02-22,Demand,637.3411,57.3306,39.72333333,0.0,7.028
2020-02-23,Demand,586.4121,57.1585,36.47666667,0.0,7.441999999999999
2020-02-24,Demand,695.4376,65.5446,41.615,0.0,7.262999999999999
2020-02-25,Demand,707.4508,212.4087,32.78416667,0.0,6.744
2020-02-26,Demand,714.4513,231.014,31.97333333,0.0,6.849000000000001
2020-02-27,Demand,712.8825,272.1531,30.61958333,0.0,7.347
2020-02-28,Demand,691.3506,166.5064,33.91541667,0.0,7.435999999999999
2020-02-29,Demand,634.6887,326.6172,16.595,0.0,7.1320000000000014
2020-03-01,Demand,594.4558,348.5163,14.21916667,0.0,7.476
2020-03-02,Demand,706.1618,387.7865,21.89375,0.0,7.303000000000001
2020-03-03,Demand,727.8762,352.204,26.1425,0.0,6.486999999999999
2020-03-04,Demand,720.8028,282.3266,32.6,0.0,7.689
2020-03-05,Demand,714.8274,351.7059,25.15125,0.0,7.48
2020-03-06,Demand,717.0205,358.9947,21.42791667,0.0,6.129
2020-03-07,Demand,644.7737,212.3345,27.73208333,0.0,6.265
2020-03-08,Demand,596.932,163.4553,26.8775,0.0,6.5889999999999995
2020-03-09,Demand,700.2871,217.5829,32.52208333,0.0,7.241
2020-03-10,Demand,706.638,148.1281,34.5425,0.0,6.863
2020-03-11,Demand,706.9793,80.3852,38.63375,0.0,6.697333333333334
2020-03-12,Demand,699.3757,93.4007,38.78375,0.0,6.531666666666667
2020-03-13,Demand,692.0244,152.7998,33.9875,0.0,6.366
2020-03-14,Demand,610.0017,66.6613,35.59125,0.0,6.200333333333333
2020-03-15,Demand,564.4801,137.5804,26.80166667,0.0,6.034666666666666
2020-03-16,Demand,664.1829,254.0305,27.01958333,0.0,5.869
2020-03-17,Demand,670.8718,218.1354,28.4275,0.0,6.7
2020-03-18,Demand,651.3471,126.318,30.69291667,0.0,7.7059999999999995
2020-03-19,Demand,607.2399,117.2394,30.42541667,0.0,7.564
2020-03-20,Demand,616.4449,135.2953,28.08041667,0.0,7.276999999999999
2020-03-21,Demand,583.7899,82.055,27.65375,0.0,6.302
2020-03-22,Demand,552.2407,56.755,27.52916667,0.0,6.314
2020-03-23,Demand,619.0714,126.4359,29.04416667,0.0,6.628
2020-03-24,Demand,630.1618,138.0918,27.41458333,0.0,7.149000000000001
2020-03-25,Demand,628.1817,58.7501,31.58958333,0.0,6.593
2020-03-26,Demand,625.8774,184.6918,22.82333333,0.0,6.16
2020-03-27,Demand,634.8632,114.1477,25.07208333,0.0,5.1370000000000005
2020-03-28,Demand,574.1317,44.717,27.94125,0.0,6.4590000000000005
2020-03-29,Demand,506.1265,147.5518,19.37217391,0.0,7.133
2020-03-30,Demand,576.9271,241.993,19.04958333,0.0,4.976999999999999
2020-03-31,Demand,581.7649,208.5144,20.55,0.0,5.154000000000001
2020-04-01,Demand,575.9811,92.4931,26.20166667,0.0,6.213
2020-04-02,Demand,568.1254,125.7765,23.8975,0.0,6.39
2020-04-03,Demand,555.1516,103.5589,23.72875,0.0,6.725
2020-04-04,Demand,510.761,175.3996,16.24,0.0,7.379999999999999
2020-04-05,Demand,487.2475,183.7153,8.164166667,0.0,8.029
2020-04-06,Demand,538.5907,82.5252,24.83125,0.0,8.108
2020-04-07,Demand,538.7007,77.9309,22.45458333,0.0,8.415000000000001
2020-04-08,Demand,526.1895,68.0227,23.61708333,0.0,8.735000000000001
2020-04-09,Demand,503.4167,87.3382,22.31625,0.0,8.41
2020-04-10,Demand,482.2285,82.0826,19.07125,1.0,8.133000000000001
2020-04-11,Demand,491.2268,75.3005,22.02416667,0.0,8.606
2020-04-12,Demand,474.176,99.2784,17.81791667,0.0,8.789
2020-04-13,Demand,509.726,73.3214,22.25791667,0.0,7.7940000000000005
2020-04-14,Demand,555.9611,97.9095,21.95166667,0.0,8.100999999999999
2020-04-15,Demand,574.3816,188.6757,16.61458333,0.0,8.088999999999999
2020-04-16,Demand,571.2679,195.38,12.73375,0.0,8.608
2020-04-17,Demand,569.2892,156.5471,14.54,0.0,8.795
2020-04-18,Demand,524.1399,41.752,21.28333333,0.0,9.014
2020-04-19,Demand,493.8216,68.0558,13.30291667,0.0,8.472
2020-04-20,Demand,553.753,136.9768,11.11916667,0.0,8.006
2020-04-21,Demand,574.2444,171.9997,9.23625,0.0,7.428999999999999
2020-04-22,Demand,578.7262,131.1648,9.985,0.0,8.342
2020-04-23,Demand,575.3895,68.1423,17.75333333,0.0,9.137
2020-04-24,Demand,570.5177,85.9112,18.82041667,0.0,9.466
2020-04-25,Demand,529.5673,39.5139,17.63416667,0.0,9.168
2020-04-26,Demand,496.0164,60.5292,15.21708333,0.0,8.889000000000001
2020-04-27,Demand,562.3242,113.6271,19.98875,0.0,8.238
2020-04-28,Demand,573.4642,184.7877,18.59416667,0.0,8.186
2020-04-29,Demand,574.909,242.3487,10.69083333,0.0,8.495999999999999
2020-04-30,Demand,561.207,306.521,7.500833333,0.0,9.407
2020-05-01,Demand,493.7237,242.8964,4.629583333,1.0,10.184999999999999
2020-05-02,Demand,501.5417,157.5909,11.30541667,0.0,10.982999999999999
2020-05-03,Demand,486.0245,67.0682,14.1525,0.0,11.82
2020-05-04,Demand,558.0505,212.5789,16.14583333,0.0,11.780999999999999
2020-05-05,Demand,577.3695,113.1522,18.23541667,0.0,10.663000000000002
2020-05-06,Demand,585.7301,53.0389,22.39166667,0.0,10.767000000000001
2020-05-07,Demand,576.7192,149.3199,20.93666667,0.0,11.546000000000001
2020-05-08,Demand,570.2535,104.98,20.04833333,0.0,11.413
2020-05-09,Demand,518.2364,97.5727,18.70958333,0.0,10.089000000000002
2020-05-10,Demand,482.7671,156.4902,12.70541667,0.0,8.969999999999999
2020-05-11,Demand,557.9528,188.6925,15.3225,0.0,9.304
2020-05-12,Demand,591.7055,70.4033,24.24333333,0.0,8.294
2020-05-13,Demand,585.494,77.2087,25.295,0.0,8.8
2020-05-14,Demand,586.4045,141.1415,24.47291667,0.0,8.023
2020-05-15,Demand,573.5363,178.4319,20.1375,0.0,8.527000000000001
2020-05-16,Demand,521.3138,185.6953,16.19333333,0.0,9.011000000000001
2020-05-17,Demand,489.532,116.7826,15.62083333,0.0,9.665
2020-05-18,Demand,566.5199,98.8695,26.12458333,0.0,10.812999999999999
2020-05-19,Demand,585.0158,102.5829,26.06,0.0,11.813
2020-05-20,Demand,598.8702,54.7137,26.82708333,0.0,12.312
2020-05-21,Demand,605.0464,50.8576,28.11875,0.0,12.808
2020-05-22,Demand,606.8263,47.6262,29.44291667,0.0,12.888
2020-05-23,Demand,552.6379,151.8174,17.47625,0.0,13.151
2020-05-24,Demand,518.2313,174.1759,11.4925,0.0,12.593
2020-05-25,Demand,598.1471,157.1967,23.78625,0.0,12.436
2020-05-26,Demand,615.1698,198.4712,22.2075,0.0,12.29
2020-05-27,Demand,618.2984,166.7225,25.04875,0.0,12.766
2020-05-28,Demand,617.4061,120.8959,29.28541667,0.0,12.825000000000001
2020-05-29,Demand,615.3153,73.6038,33.0775,0.0,12.667000000000002
2020-05-30,Demand,557.491,94.2183,29.71291667,0.0,12.862
2020-05-31,Demand,516.3684,81.4649,29.69583333,0.0,12.015
2020-06-01,Demand,596.8582,49.8154,34.22583333,0.0,11.978
2020-06-02,Demand,624.2984,37.504,34.86458333,0.0,12.0
2020-06-03,Demand,631.4111,75.5019,32.675,0.0,11.886
2020-06-04,Demand,619.7374,217.3098,24.12333333,0.0,10.485
2020-06-05,Demand,609.9502,121.2328,27.70125,0.0,11.179
2020-06-06,Demand,554.5406,83.7758,28.51666667,0.0,11.49
2020-06-07,Demand,509.3397,180.0844,19.59583333,0.0,10.718000000000002
2020-06-08,Demand,590.7189,165.5983,27.00416667,0.0,9.735
2020-06-09,Demand,611.7271,135.0748,29.0725,0.0,9.948
2020-06-10,Demand,622.8896,85.1412,30.72,0.0,10.528
2020-06-11,Demand,619.2851,197.8507,23.71291667,0.0,10.539000000000001
2020-06-12,Demand,615.8493,256.6236,20.29208333,0.0,10.166
2020-06-13,Demand,553.3616,170.5717,21.1975,0.0,10.335999999999999
2020-06-14,Demand,514.9512,83.2491,26.61458333,0.0,11.06
2020-06-15,Demand,611.2981,90.7887,31.76166667,0.0,11.415000000000001
2020-06-16,Demand,626.1506,110.2049,31.07083333,0.0,11.2
2020-06-17,Demand,627.0026,71.8652,34.26333333,0.0,11.333000000000002
2020-06-18,Demand,626.5417,46.1436,35.33916667,0.0,11.566999999999998
2020-06-19,Demand,629.4233,54.354,33.59625,0.0,11.822000000000001
2020-06-20,Demand,579.4481,51.7449,31.805,0.0,12.828
2020-06-21,Demand,546.2167,86.8931,25.91416667,0.0,13.732999999999999
2020-06-22,Demand,657.5195,128.083,30.3525,0.0,14.386000000000001
2020-06-23,Demand,679.9664,101.9154,34.54458333,0.0,14.753999999999998
2020-06-24,Demand,638.3125,81.8475,37.405,0.0,14.116999999999999
2020-06-25,Demand,683.2523,66.9794,39.43458333,0.0,13.859999999999998
2020-06-26,Demand,672.086,107.2084,37.76416667,0.0,13.36
2020-06-27,Demand,605.9726,96.6346,30.45791667,0.0,13.475999999999999
2020-06-28,Demand,579.2559,63.8771,29.53458333,0.0,14.421000000000001
2020-06-29,Demand,691.5512,89.655,37.3975,0.0,14.681999999999997
2020-06-30,Demand,720.5006,86.5097,37.575,0.0,14.821
2020-07-01,Demand,731.4733,95.1211,37.45416667,0.0,14.448999999999998
2020-07-02,Demand,731.2316,123.849,34.51291667,0.0,14.105000000000002
2020-07-03,Demand,699.983,130.9555,34.915,0.0,13.187
2020-07-04,Demand,631.7924,103.5059,28.67708333,0.0,13.856
2020-07-05,Demand,596.9337,118.7484,25.85916667,0.0,14.675
2020-07-06,Demand,721.812,200.7012,28.39375,0.0,15.238000000000001
2020-07-07,Demand,745.1761,141.2868,35.19875,0.0,15.347999999999999
2020-07-08,Demand,749.0588,135.8209,37.78833333,0.0,14.886
2020-07-09,Demand,735.9224,90.1481,39.945,0.0,13.905000000000001
2020-07-10,Demand,719.653,118.3616,37.94708333,0.0,14.163999999999998
2020-07-11,Demand,654.2846,213.423,29.10666667,0.0,14.901
2020-07-12,Demand,602.0469,153.1753,28.79875,0.0,14.54
2020-07-13,Demand,714.9241,180.1602,33.95666667,0.0,14.584
2020-07-14,Demand,718.9427,187.8066,33.6225,0.0,14.191999999999998
2020-07-15,Demand,719.2833,223.6931,31.05875,0.0,14.168
2020-07-16,Demand,724.1138,194.7796,34.8925,0.0,14.507000000000001
2020-07-17,Demand,717.552,210.244,32.17291667,0.0,14.840999999999998
2020-07-18,Demand,653.742,94.0228,30.83166667,0.0,14.588999999999999
2020-07-19,Demand,612.4553,71.5525,30.45458333,0.0,14.907
2020-07-20,Demand,731.5682,132.32,35.55083333,0.0,15.100999999999999
2020-07-21,Demand,748.5406,148.122,36.07041667,0.0,14.869
2020-07-22,Demand,740.3483,73.1562,40.84291667,0.0,14.17
2020-07-23,Demand,749.7923,62.7027,42.03666667,0.0,15.116999999999997
2020-07-24,Demand,746.407,102.4455,36.09791667,0.0,15.322000000000001
2020-07-25,Demand,666.3835,73.4097,33.32166667,0.0,15.227999999999998
2020-07-26,Demand,629.1164,72.2104,29.77791667,0.0,15.603000000000002
2020-07-27,Demand,755.9715,97.764,38.2825,0.0,15.451
2020-07-28,Demand,771.8081,133.9573,35.88916667,0.0,15.259
2020-07-29,Demand,775.0033,121.722,37.74666667,0.0,15.370000000000001
2020-07-30,Demand,783.8748,117.338,40.44625,0.0,16.013
2020-07-31,Demand,769.5,61.9675,42.06708333,0.0,15.600000000000001
2020-08-01,Demand,696.865,127.1695,33.50416667,0.0,15.706999999999997
2020-08-02,Demand,634.7099,176.5273,28.64291667,0.0,15.214
2020-08-03,Demand,704.9745,152.6985,36.61708333,0.0,13.804999999999998
2020-08-04,Demand,710.4449,127.3901,35.39875,0.0,13.898
2020-08-05,Demand,727.1023,71.0401,36.43375,0.0,14.831
2020-08-06,Demand,737.8847,104.2027,37.36291667,0.0,15.803
2020-08-07,Demand,736.3576,93.4228,38.59583333,0.0,15.503000000000002
2020-08-08,Demand,664.0748,83.2764,36.91291667,0.0,15.428999999999998
2020-08-09,Demand,620.381,77.2264,34.6525,0.0,15.753
2020-08-10,Demand,699.4702,110.101,38.08958333,0.0,14.735
2020-08-11,Demand,695.05,127.3761,38.88,0.0,13.327
2020-08-12,Demand,673.1154,88.6891,39.27375,0.0,13.151
2020-08-13,Demand,678.2477,43.291,40.51958333,0.0,13.568999999999999
2020-08-14,Demand,669.1653,65.0717,36.71166667,0.0,13.854
2020-08-15,Demand,591.7374,113.0552,31.55416667,1.0,13.286
2020-08-16,Demand,554.1434,130.6256,29.07833333,0.0,13.076999999999998
2020-08-17,Demand,640.2762,112.1549,36.21166667,0.0,13.356
2020-08-18,Demand,667.457,88.471,38.51375,0.0,14.188
2020-08-19,Demand,686.5366,166.3759,34.90375,0.0,14.824
2020-08-20,Demand,688.4616,162.606,34.4975,0.0,14.441
2020-08-21,Demand,698.5169,118.6374,33.58458333,0.0,14.411000000000001
2020-08-22,Demand,636.1257,81.5176,32.17375,0.0,14.674
2020-08-23,Demand,586.839,112.8176,29.22041667,0.0,14.399
2020-08-24,Demand,694.7208,100.0351,38.70208333,0.0,14.208
2020-08-25,Demand,732.1723,68.0668,39.85208333,0.0,14.721
2020-08-26,Demand,750.9969,60.1143,39.4925,0.0,15.722999999999999
2020-08-27,Demand,757.2449,70.2719,46.24583333,0.0,15.225
2020-08-28,Demand,728.6081,157.3614,39.80041667,0.0,14.227
2020-08-29,Demand,594.8789,213.2875,30.95875,0.0,11.215
2020-08-30,Demand,535.7498,159.2255,33.7475,0.0,11.222999999999999
2020-08-31,Demand,643.9134,102.9564,42.00625,0.0,11.58
2020-09-01,Demand,667.9906,69.9326,46.0125,0.0,12.157
2020-09-02,Demand,675.736,125.0252,44.2025,0.0,12.528
2020-09-03,Demand,685.6073,76.4862,46.15583333,0.0,13.335999999999999
2020-09-04,Demand,691.1868,97.933,43.97333333,0.0,13.865999999999998
2020-09-05,Demand,617.7691,173.6139,35.2025,0.0,13.783
2020-09-06,Demand,566.6137,249.5666,31.67375,0.0,13.949000000000002
2020-09-07,Demand,656.335,247.6638,39.52833333,0.0,12.058
2020-09-08,Demand,663.1999,165.6974,41.53583333,0.0,11.779
2020-09-09,Demand,683.8281,88.3888,46.07916667,0.0,12.247
2020-09-10,Demand,686.3989,95.0719,45.09791667,0.0,12.819
2020-09-11,Demand,668.3678,84.9293,46.9625,0.0,13.490000000000002
2020-09-12,Demand,618.1627,98.3778,40.38625,0.0,13.890999999999998
2020-09-13,Demand,576.4181,138.0296,35.06041667,0.0,14.146
2020-09-14,Demand,685.2822,146.5044,43.49125,0.0,13.696000000000002
2020-09-15,Demand,708.9199,62.3173,48.90208333,0.0,13.117
2020-09-16,Demand,719.2111,49.4383,51.04833333,0.0,12.533
2020-09-17,Demand,704.7411,111.6548,47.10625,0.0,12.537666666666667
2020-09-18,Demand,678.8889,159.4731,43.38375,0.0,12.542333333333334
2020-09-19,Demand,593.4054,153.364,39.33708333,0.0,12.547
2020-09-20,Demand,544.4391,81.9616,39.17375,0.0,12.551666666666666
2020-09-21,Demand,649.6958,49.7331,49.25625,0.0,12.556333333333333
2020-09-22,Demand,671.6666,51.5418,50.66666667,0.0,12.561
2020-09-23,Demand,675.4543,121.3991,44.97666667,0.0,12.078499999999998
2020-09-24,Demand,674.872,226.8509,39.71666667,0.0,11.595999999999998
2020-09-25,Demand,651.0,328.7527,26.88583333,0.0,10.147
2020-09-26,Demand,573.3506,260.4118,29.24708333,0.0,9.504000000000001
2020-09-27,Demand,533.9157,236.4729,24.72208333,0.0,9.898
2020-09-28,Demand,634.7398,136.3978,41.4325,0.0,9.961
2020-09-29,Demand,656.6009,58.203,48.34875,0.0,10.72
2020-09-30,Demand,660.3966,63.9811,49.14666667,0.0,10.596
2020-10-01,Demand,665.6876,199.2199,41.47666667,0.0,10.646
2020-10-02,Demand,657.7879,368.7325,24.79583333,0.0,8.946
2020-10-03,Demand,575.1316,309.457,19.13333333,0.0,8.224
2020-10-04,Demand,538.8195,264.9215,14.39958333,0.0,8.426
2020-10-05,Demand,643.675,181.2162,35.12375,0.0,8.832
2020-10-06,Demand,660.2284,152.7337,40.99875,0.0,10.136000000000001
2020-10-07,Demand,665.3735,98.4861,43.01791667,0.0,11.174000000000001
2020-10-08,Demand,668.6252,62.2465,43.95416667,0.0,11.232999999999999
2020-10-09,Demand,649.9348,53.1642,44.38916667,0.0,11.206000000000001
2020-10-10,Demand,578.793,204.7015,32.48958333,0.0,10.552999999999999
2020-10-11,Demand,530.4215,243.1487,27.84416667,0.0,9.132
2020-10-12,Demand,540.4072,177.8417,38.37583333,1.0,9.037
2020-10-13,Demand,638.6087,164.5421,40.46666667,0.0,9.102999999999998
2020-10-14,Demand,665.1744,201.598,36.735,0.0,8.133
2020-10-15,Demand,670.1467,183.7002,39.33416667,0.0,7.19
2020-10-16,Demand,669.0156,113.0468,43.32541667,0.0,6.862
2020-10-17,Demand,602.9501,53.9641,42.36583333,0.0,7.429
2020-10-18,Demand,554.4164,64.3984,40.25625,0.0,8.19
2020-10-19,Demand,653.4895,262.5187,35.71083333,0.0,9.472999999999999
2020-10-20,Demand,679.835,335.0596,36.03333333,0.0,9.951
2020-10-21,Demand,671.8544,250.6841,36.58,0.0,10.11
2020-10-22,Demand,675.1285,143.8244,45.22125,0.0,9.378
2020-10-23,Demand,661.1804,162.0478,45.19,0.0,8.61
2020-10-24,Demand,588.4907,212.8848,32.25458333,0.0,8.158999999999999
2020-10-25,Demand,572.7019,290.2178,14.7792,0.0,8.019
2020-10-26,Demand,651.5781,281.69,34.43041667,0.0,7.379
2020-10-27,Demand,676.0629,234.195,39.95166667,0.0,7.199
2020-10-28,Demand,681.031,115.3249,43.36166667,0.0,7.613
2020-10-29,Demand,682.1241,62.1425,44.9425,0.0,8.184
2020-10-30,Demand,675.202,82.3648,41.58,0.0,8.754999999999999
2020-10-31,Demand,594.9257,124.2309,35.77041667,0.0,8.939
2020-11-01,Demand,545.076,135.5806,27.21583333,0.0,9.196
2020-11-02,Demand,615.3722,85.8705,40.89375,0.0,9.321
2020-11-03,Demand,666.6116,179.7743,39.02333333,0.0,8.713000000000001
2020-11-04,Demand,694.2528,217.0417,38.795,0.0,6.9590000000000005
2020-11-05,Demand,693.965,302.7488,33.98708333,0.0,7.675000000000001
2020-11-06,Demand,673.3208,315.6884,34.97958333,0.0,9.346
2020-11-07,Demand,602.2072,229.0783,33.52958333,0.0,8.774000000000001
2020-11-08,Demand,553.1119,160.8618,34.64416667,0.0,8.066
2020-11-09,Demand,656.853,75.5212,45.62083333,0.0,7.948
2020-11-10,Demand,681.3754,46.5568,50.67208333,0.0,7.56
2020-11-11,Demand,689.0492,139.1753,43.3,0.0,7.603
2020-11-12,Demand,687.6818,99.2403,45.34666667,0.0,7.723000000000001
2020-11-13,Demand,681.7691,79.8825,44.515,0.0,7.789000000000001
2020-11-14,Demand,610.802,141.833,38.11291667,0.0,8.142000000000001
2020-11-15,Demand,554.3211,215.2637,24.13916667,0.0,9.035
2020-11-16,Demand,660.7503,103.6577,42.47625,0.0,8.749
2020-11-17,Demand,680.7367,64.9412,44.74625,0.0,7.784000000000001
2020-11-18,Demand,687.5939,89.9878,42.45916667,0.0,7.850999999999999
2020-11-19,Demand,681.2531,196.8185,39.07958333,0.0,8.174
2020-11-20,Demand,676.4063,253.9753,41.30125,0.0,7.1530000000000005
2020-11-21,Demand,613.8986,119.4121,40.25,0.0,6.107
2020-11-22,Demand,578.5922,59.5726,42.00041667,0.0,5.888999999999999
2020-11-23,Demand,696.8085,49.3653,50.51,0.0,5.770999999999999
2020-11-24,Demand,724.4579,112.1096,46.68,0.0,5.853
2020-11-25,Demand,733.1606,124.1276,47.34166667,0.0,6.575
2020-11-26,Demand,730.0151,221.4547,48.16291667,0.0,7.080000000000001
2020-11-27,Demand,722.7463,149.1166,52.55833333,0.0,6.913
2020-11-28,Demand,644.1906,79.6075,48.07041667,0.0,6.397
2020-11-29,Demand,602.6073,60.4753,45.4425,0.0,6.599
2020-11-30,Demand,710.8031,95.3365,52.23041667,0.0,6.479
2020-12-01,Demand,715.1409,166.2706,50.36416667,0.0,6.085
2020-12-02,Demand,723.3444,264.8522,49.4625,0.0,5.597
2020-12-03,Demand,744.282,231.0506,49.49041667,0.0,4.5569999999999995
2020-12-04,Demand,746.1093,332.8091,43.35958333,0.0,4.561
2020-12-05,Demand,681.7896,294.612,45.21458333,0.0,3.552
2020-12-06,Demand,633.7464,325.2831,39.98583333,0.0,4.0440000000000005
2020-12-07,Demand,666.4103,388.4768,38.01583333,0.0,5.559
2020-12-08,Demand,648.3074,362.986,27.48291667,1.0,5.069
2020-12-09,Demand,760.5635,284.2153,47.51666667,0.0,4.552
2020-12-10,Demand,766.6055,359.1556,43.41708333,0.0,6.39
2020-12-11,Demand,744.7416,392.1074,37.24666667,0.0,7.429
2020-12-12,Demand,644.4258,336.1129,36.26625,0.0,7.411
2020-12-13,Demand,611.7175,196.6813,43.1925,0.0,6.181
2020-12-14,Demand,720.8279,176.7621,46.49458333,0.0,6.651000000000001
2020-12-15,Demand,732.9453,194.3472,48.9175,0.0,6.414999999999999
2020-12-16,Demand,748.4958,166.4411,49.34416667,0.0,5.667000000000001
2020-12-17,Demand,745.0727,66.8562,56.87166667,0.0,6.355
2020-12-18,Demand,740.0501,131.7094,49.11083333,0.0,6.085
2020-12-19,Demand,662.7773,131.9031,44.2625,0.0,5.912
2020-12-20,Demand,614.4742,135.9649,43.42166667,0.0,5.937
2020-12-21,Demand,715.8088,162.156,46.78708333,0.0,5.800000000000001
2020-12-22,Demand,715.9129,140.1474,46.70958333,0.0,6.205
2020-12-23,Demand,693.6399,144.6787,46.2975,0.0,6.083
2020-12-24,Demand,609.1575,133.28,39.93916667,0.0,5.882
2020-12-25,Demand,540.6767,287.4661,16.03583333,1.0,4.606000000000001
2020-12-26,Demand,605.9612,234.149,32.86416667,0.0,3.597
2020-12-27,Demand,612.2054,276.2507,26.505,0.0,2.991
2020-12-28,Demand,691.2706,408.183,20.04083333,0.0,4.949
2020-12-29,Demand,695.5764,323.4407,38.66166667,0.0,4.099
2020-12-30,Demand,698.8146,250.1927,48.98458333,0.0,3.639
2020-12-31,Demand,649.8007,233.3423,48.66,0.0,3.4769999999999994
