date;Y1;Y2;Y3;Y4;Y5
1995-01-01;-0.58704689;0.99384694;0.98334668;0.987;1.0223693
1995-01-02;-1.4274798;0.98510389;0.95071138;0.969;1.0712116
1995-01-03;0.059141295;1.000622;0.93276102;0.958;1.1403478
1995-01-04;0.65334393;1.0068927;0.94021914;0.999;1.2285295
1995-01-05;-1.7881294;0.98137566;0.94106636;0.952;1.3378218
1995-01-06;-1.6714132;0.98258067;0.91325726;0.928;1.4498913
1995-01-07;-1.4535179;0.98483424;0.87057088;0.961;1.5224782
1995-01-08;-1.1483639;0.98799898;0.85312451;1.0;1.552065
1995-01-09;-1.0239239;0.98929245;0.86135678;0.931;1.5770795
1995-01-10;-1.5150961;0.98419685;0.86525801;0.953;1.6291775
1995-01-11;-1.8257543;0.98098753;0.8596702;0.976;1.7062023
1995-01-12;-2.2379403;0.97674549;0.85618168;0.938;1.7838633
1995-01-13;-0.77310714;0.99190468;0.85243954;0.981;1.8336919
1995-01-14;-0.93834244;0.990183;0.84291637;0.959;1.8385372
1995-01-15;-2.0402784;0.97877745;0.83987405;0.985;1.831702
1995-01-16;-1.6790691;0.98250158;0.85131689;1.02;1.8429783
1995-01-17;1.5322224;1.0162399;0.85508492;0.99;1.8786862
1995-01-18;2.5694655;1.0273829;0.84607218;0.962;1.9505261
1995-01-19;0.32005027;1.0033706;0.82835811;1.03;2.0481492
1995-01-20;0.28374983;1.0029877;0.8176924;1.08;2.1157025
1995-01-21;0.94776676;1.0100144;0.83362409;1.02;2.0717227
1995-01-22;2.0865689;1.0221801;0.84757934;1.05;1.9399449
1995-01-23;1.4862725;1.015749;0.83757909;1.07;1.8456126
1995-01-24;1.8441478;1.0195781;0.82564003;1.06;1.8290224
1995-01-25;1.946253;1.0206732;0.82089389;1.05;1.8622915
1995-01-26;2.0180958;1.0214445;0.82111621;1.08;1.9225829
1995-01-27;1.9490091;1.0207028;0.82207163;1.1;1.9883077
1995-01-28;2.1160295;1.0224967;0.82604666;1.04;2.0257718
1995-01-29;2.103791;1.0223652;0.82368047;1.05;1.9746257
1995-01-30;1.69214;1.0179499;0.81150194;1.1;1.8333652
1995-01-31;1.3812456;1.014628;0.80588201;1.03;1.6697272
1995-02-01;0.038850232;1.0004085;0.8155567;1.0;1.5513409
1995-02-02;-0.11169026;0.99882641;0.83781224;1.05;1.5049178
1995-02-03;0.56617832;1.0059704;0.84279366;1.02;1.4937984
1995-02-04;0.26399113;1.0027794;0.82056823;1.03;1.4675401
1995-02-05;0.055231665;1.0005809;0.79097487;0.981;1.4032384
1995-02-06;0.58580597;1.006178;0.76646919;0.972;1.3151222
1995-02-07;-0.057055793;0.99940031;0.75933583;0.969;1.2197222
1995-02-08;-0.39908135;0.99581295;0.765363;0.977;1.1269696
1995-02-09;0.53850263;1.0056777;0.77552602;0.976;1.0248857
1995-02-10;-1.1713239;0.98776051;0.78822804;1.0;0.88111139
1995-02-11;-1.6075035;0.98324112;0.78776237;1.03;0.71260798
1995-02-12;-1.7123969;0.98215737;0.76538363;1.01;0.57273765
1995-02-13;-1.2770716;0.98666292;0.73228151;0.987;0.47444844
1995-02-14;-2.1698566;0.97744491;0.71218544;0.959;0.39667439
1995-02-15;-3.0247447;0.96869892;0.70978879;0.97;0.32129442
1995-02-16;-3.1251267;0.9676771;0.72232228;0.993;0.24779831
1995-02-17;-3.2315899;0.96659456;0.73599919;0.963;0.16804102
1995-02-18;-1.7865292;0.98139217;0.72667087;0.952;0.083166652
1995-02-19;-1.1453271;0.98803052;0.70466828;1.01;0.023368443
1995-02-20;-2.7007654;0.97200416;0.69091906;0.979;0.002055236
1995-02-21;-3.50434;0.96382669;0.69419197;0.964;0.00127087
1995-02-22;-2.621325;0.97281634;0.70717858;0.973;0.013056599
1995-02-23;-3.6823598;0.96202443;0.71240559;1.03;0.039414913
1995-02-24;-3.1493037;0.96743116;0.70323955;1.01;0.088974968
1995-02-25;-1.931454;0.97989796;0.69028938;0.992;0.17961978
1995-02-26;-4.8609352;0.95017729;0.68139214;0.997;0.33458479
1995-02-27;-1.8092492;0.98115777;0.68978679;0.995;0.55387205
1995-02-28;-1.6398916;0.98290636;0.71309078;0.952;0.79703965
1995-03-01;-4.0707291;0.95810428;0.72988332;0.996;1.0570234
1995-03-02;-2.4254725;0.97482157;0.72529518;1.01;1.3649754
1995-03-03;-0.4617425;0.99515712;0.70503189;0.961;1.7483712
1995-03-04;-1.4417752;0.98495584;0.67783476;0.971;2.1898533
1995-03-05;-1.4684907;0.98467922;0.65033141;0.999;2.6456766
1995-03-06;-0.88487696;0.99073976;0.63545021;0.969;3.0925576
1995-03-07;-1.0281575;0.98924842;0.62267397;0.935;3.5546599
1995-03-08;-0.82173009;0.99139774;0.59846056;0.95;4.0748463
1995-03-09;-1.3497662;0.98590911;0.57661214;0.981;4.67221
1995-03-10;-1.4232288;0.98514792;0.57314465;0.94;5.4218434
1995-03-11;-2.6834472;0.97218116;0.58493986;0.951;6.3681196
1995-03-12;-1.0344593;0.98918288;0.59814835;0.999;7.4124335
1995-03-13;0.044205244;1.0004649;0.61073047;0.941;8.4554907
1995-03-14;-1.6738223;0.98255578;0.62168239;0.93;9.4425206
1995-03-15;-0.38908263;0.99591764;0.62666901;0.974;10.388361
1995-03-16;-0.6359413;0.99333617;0.63413445;0.95;11.320435
1995-03-17;-0.12741058;0.99866133;0.64377677;0.925;12.291168
1995-03-18;0.42265203;1.0044535;0.64600238;0.941;13.328987
1995-03-19;-1.7260786;0.98201611;0.62665121;0.94;14.462463
1995-03-20;-0.58212709;0.99389835;0.60108752;0.936;15.694976
1995-03-21;-0.11937977;0.99874566;0.59507252;0.95;17.007813
1995-03-22;-1.2337789;0.98711212;0.59798389;0.988;18.341298
1995-03-23;-1.24583;0.98698706;0.59291855;0.955;19.700707
1995-03-24;-1.3979449;0.98540983;0.58230124;0.97;21.143591
1995-03-25;-0.96280803;0.98992833;0.57943635;0.963;22.639816
1995-03-26;-1.2571388;0.98686971;0.5791167;0.947;24.144668
1995-03-27;-1.8426204;0.98081359;0.57333193;1.02;25.65191
1995-03-28;-1.349573;0.98591111;0.56506904;1.01;27.253615
1995-03-29;-1.3511269;0.985895;0.56203494;0.962;29.143279
1995-03-30;-0.034988731;0.9996322;0.56806104;0.975;31.299031
1995-03-31;-2.9532147;0.9694277;0.57220209;0.938;33.521039
1995-04-01;-3.4304373;0.96457587;0.57695174;0.942;35.7822
1995-04-02;-1.9550441;0.97965495;0.58490253;0.925;38.129138
1995-04-03;-2.4849621;0.97421205;0.59081943;0.926;40.542399
1995-04-04;-2.9289909;0.96967463;0.5963119;0.93;42.850407
1995-04-05;-2.7425892;0.97157684;0.59892947;0.972;45.093224
1995-04-06;-2.5913119;0.97312336;0.59632353;0.956;47.532139
1995-04-07;-2.6649712;0.97237003;0.59397938;0.925;50.24468
1995-04-08;-1.4557933;0.98481068;0.59098859;0.917;53.117618
1995-04-09;-1.3570188;0.98583393;0.58898064;0.929;56.192777
1995-04-10;-2.6106497;0.97292553;0.58864358;0.972;59.502593
1995-04-11;-1.8662451;0.98057;0.58816021;0.947;62.950005
1995-04-12;-3.0679871;0.96825861;0.59092468;0.939;66.659001
1995-04-13;-2.906616;0.96990277;0.60017267;0.91;70.891445
1995-04-14;-1.4490267;0.98488075;0.61620003;0.903;75.496719
1995-04-15;-2.2178583;0.97695174;0.62780352;0.929;80.193426
1995-04-16;-3.4511276;0.96436607;0.62033812;0.939;84.76456
1995-04-17;-3.8058478;0.96077622;0.60316115;0.933;89.466731
1995-04-18;-3.9493962;0.95932728;0.60134388;0.877;94.661494
1995-04-19;-2.7369562;0.97163439;0.61850052;0.856;100.49742
1995-04-20;-2.6766967;0.97225016;0.6409983;0.876;106.68636
1995-04-21;-4.4798487;0.95399196;0.6488515;0.839;112.76092
1995-04-22;-3.1121306;0.96780933;0.63728641;0.812;118.78361
1995-04-23;-2.1715704;0.9774273;0.62565735;0.809;125.08848
1995-04-24;-1.4722992;0.98463979;0.63290492;0.806;131.77544
1995-04-25;-1.5641264;0.98368963;0.65959519;0.831;138.73203
1995-04-26;-2.3101904;0.97600382;0.68205232;0.8;145.66514
1995-04-27;-1.4157026;0.98522587;0.67877764;0.809;152.35428
1995-04-28;-0.79771553;0.99164809;0.66109077;0.809;159.15448
1995-04-29;-2.1039914;0.97812202;0.66389239;0.799;166.46026
1995-04-30;-2.9041937;0.96992747;0.68860486;0.813;173.86879
1995-05-01;-3.1559889;0.96736316;0.70147357;0.795;180.80361
1995-05-02;-2.7309078;0.97169618;0.69223072;0.802;187.30435
1995-05-03;-3.6619053;0.96223134;0.67043015;0.758;193.93195
1995-05-04;-3.3245108;0.96565071;0.65457806;0.756;201.55297
1995-05-05;-2.5844772;0.97319329;0.64383369;0.79;210.6555
1995-05-06;-2.746295;0.97153899;0.6348962;0.772;221.14243
1995-05-07;-1.3923279;0.98546803;0.63533666;0.78;231.96783
1995-05-08;-1.2823024;0.98660866;0.64129977;0.785;242.0432
1995-05-09;-3.7483701;0.961357;0.64811214;0.794;251.54469
1995-05-10;-2.9021354;0.96994846;0.65272555;0.774;261.81854
1995-05-11;-1.642442;0.98288001;0.64783464;0.776;273.8797
1995-05-12;-2.0404676;0.9787755;0.63613643;0.786;286.84615
1995-05-13;-1.115116;0.9883444;0.62740731;0.8;299.58147
1995-05-14;0.2032308;1.002139;0.63488738;0.8;311.86935
1995-05-15;-0.2230054;0.99765812;0.64815322;0.808;323.97059
1995-05-16;-1.4698882;0.98466475;0.65924534;0.802;336.12287
1995-05-17;-2.6075154;0.97295759;0.67068409;0.773;348.39572
1995-05-18;-1.6857189;0.9824329;0.67978301;0.794;360.87022
1995-05-19;-2.8589632;0.97038882;0.68132877;0.785;374.01515
1995-05-20;-3.88482;0.95997883;0.67024274;0.771;387.89856
1995-05-21;-3.4276719;0.96460392;0.6568059;0.756;401.70773
1995-05-22;-3.7247857;0.96159541;0.65027244;0.735;414.85908
1995-05-23;-4.0745095;0.9580662;0.631798;0.747;427.20945
1995-05-24;-3.5609546;0.96325317;0.6062537;0.756;439.17074
1995-05-25;-1.8719114;0.98051158;0.60565329;0.752;451.3057
1995-05-26;-1.5127644;0.98422098;0.62592129;0.756;463.189
1995-05-27;-3.8234249;0.96059869;0.63593684;0.721;474.25154
1995-05-28;-4.912506;0.94966224;0.62518778;0.737;485.1855
1995-05-29;-3.9231977;0.95959156;0.60350167;0.754;496.40963
1995-05-30;-3.7789034;0.96104844;0.58497373;0.74;508.03318
1995-05-31;-1.5405359;0.98393364;0.57848326;0.731;520.03748
1995-06-01;-2.7133928;0.97187513;0.57688676;0.739;531.90494
1995-06-02;-4.7441001;0.95134518;0.5814178;0.765;543.51767
1995-06-03;-4.2684399;0.95611475;0.59120756;0.764;555.23586
1995-06-04;-4.7671162;0.951115;0.59803317;0.771;567.12397
1995-06-05;-6.416275;0.9347659;0.60426179;0.81;578.92061
1995-06-06;-6.3872864;0.93505084;0.61752881;0.815;590.93613
1995-06-07;-7.1948701;0.92714518;0.62712269;0.785;603.89994
1995-06-08;-6.8093051;0.93091121;0.62081845;0.805;618.19502
1995-06-09;-4.2037381;0.95676538;0.60351472;0.795;633.36684
1995-06-10;-4.7226989;0.95155927;0.59201838;0.784;648.76208
1995-06-11;-6.946412;0.92957026;0.5985627;0.774;663.92132
1995-06-12;-7.1185182;0.92788974;0.61561976;0.786;678.89513
1995-06-13;-5.3577709;0.94522688;0.63275623;0.792;693.51699
1995-06-14;-4.9928867;0.94886002;0.64752636;0.789;708.23571
1995-06-15;-4.2947048;0.95585077;0.65829138;0.761;723.60567
1995-06-16;-6.0389792;0.93848129;0.65635227;0.763;739.30532
1995-06-17;-5.4053885;0.94475378;0.65326866;0.766;755.20171
1995-06-18;-6.4808332;0.93413165;0.65516286;0.754;770.883
1995-06-19;-5.9101087;0.93975371;0.65410888;0.764;785.83552
1995-06-20;-5.8615306;0.94023381;0.64881799;0.778;800.33784
1995-06-21;-6.7240809;0.93174571;0.63943703;0.77;815.12452
1995-06-22;-4.7972404;0.95081381;0.63459651;0.768;830.93829
1995-06-23;-2.8853293;0.97011986;0.63477336;0.762;847.68453
1995-06-24;-2.152013;0.9776283;0.63208141;0.737;864.5952
1995-06-25;-3.4933982;0.96393758;0.62646432;0.781;881.13997
1995-06-26;-1.2938127;0.98648927;0.62217163;0.791;897.21327
1995-06-27;-3.2937105;0.96596346;0.62272988;0.782;911.99935
1995-06-28;-3.1136292;0.96779408;0.63063835;0.812;925.98661
1995-06-29;-0.96699108;0.9898848;0.63949075;0.816;940.90565
1995-06-30;-3.4611841;0.96426411;0.64196907;0.841;956.70739
1995-07-01;-1.4565542;0.9848028;0.64341959;0.804;972.1893
1995-07-02;0.2296084;1.002417;0.65611235;0.795;986.61974
1995-07-03;-2.0938551;0.97822626;0.67526797;0.808;1000.8015
1995-07-04;-2.2287198;0.97684019;0.68191256;0.791;1016.3781
1995-07-05;-1.8218746;0.98102754;0.67371567;0.802;1033.2559
1995-07-06;-2.230809;0.97681873;0.66987402;0.785;1049.7212
1995-07-07;-3.0610874;0.96832885;0.6717;0.779;1065.6234
1995-07-08;-2.7105569;0.97190411;0.67043147;0.823;1081.9448
1995-07-09;-1.0868918;0.98863773;0.66395171;0.812;1098.5057
1995-07-10;-1.8287695;0.98095643;0.6486952;0.804;1115.3169
1995-07-11;-2.3124922;0.9759802;0.63035048;0.78;1132.8869
1995-07-12;-2.080936;0.97835914;0.62095448;0.77;1150.9285
1995-07-13;-0.015610054;0.99983589;0.62960592;0.784;1168.5702
1995-07-14;-0.62531159;0.99344719;0.64763419;0.771;1185.1583
1995-07-15;0.39944126;1.0042085;0.64898883;0.75;1200.6959
1995-07-16;0.19215258;1.0020223;0.63586566;0.768;1216.5473
1995-07-17;0.47600638;1.0050172;0.62421555;0.769;1234.1969
1995-07-18;0.73163645;1.0077219;0.61545781;0.765;1252.8011
1995-07-19;-0.48967663;0.99486489;0.60637362;0.743;1271.0745
1995-07-20;-1.4931406;0.98442406;0.60219676;0.774;1289.1441
1995-07-21;-1.1444501;0.98803963;0.59995116;0.792;1308.2135
1995-07-22;-0.11299723;0.99881268;0.6043902;0.782;1329.1887
1995-07-23;-0.40687958;0.9957313;0.61298335;0.773;1352.4093
1995-07-24;-1.1480435;0.9880023;0.61779169;0.765;1376.7285
1995-07-25;-1.3194314;0.98622359;0.62428896;0.761;1399.8097
1995-07-26;-1.2991201;0.98643422;0.63054199;0.786;1420.7265
1995-07-27;-0.24022865;0.99747748;0.63339205;0.789;1440.7214
1995-07-28;-0.86343288;0.99096316;0.63204848;0.75;1461.4469
1995-07-29;-0.51415708;0.99460886;0.62699486;0.765;1483.5136
1995-07-30;0.12881674;1.0013553;0.61942375;0.752;1507.4924
1995-07-31;-0.91763;0.99039865;0.61682642;0.753;1533.1202
1995-08-01;-0.46721663;0.99509984;0.61377149;0.774;1559.421
1995-08-02;-1.6056217;0.98326057;0.6077504;0.762;1586.9467
1995-08-03;-2.7292555;0.97171306;0.60533641;0.739;1616.0384
1995-08-04;-3.0503545;0.96843813;0.60300877;0.765;1645.9398
1995-08-05;-1.1219463;0.98827343;0.6015091;0.76;1675.2312
1995-08-06;-0.43865061;0.99539875;0.59857113;0.743;1703.0737
1995-08-07;-1.3655355;0.98574566;0.59400545;0.74;1729.1982
1995-08-08;-2.2993122;0.97611545;0.5935628;0.73;1754.6596
1995-08-09;-3.487018;0.96400224;0.5928584;0.763;1780.3816
1995-08-10;-3.8882901;0.9599438;0.59102558;0.763;1806.3271
1995-08-11;-0.83834316;0.99122459;0.59170814;0.746;1832.5085
1995-08-12;-0.79531874;0.99167307;0.5951701;0.735;1859.2382
1995-08-13;-2.2921126;0.97618934;0.59217752;0.734;1886.8602
1995-08-14;-1.777307;0.98148733;0.58416052;0.735;1914.8017
1995-08-15;-3.7294007;0.96154875;0.58275223;0.737;1942.5157
1995-08-16;-1.0835529;0.98867243;0.59597943;0.749;1968.9427
1995-08-17;-1.9262863;0.9799512;0.61078524;0.76;1993.5301
1995-08-18;-3.3154694;0.9657425;0.61084929;0.766;2017.3897
1995-08-19;-3.1910069;0.96700707;0.60543637;0.761;2041.6704
1995-08-20;-3.5558397;0.96330497;0.60403317;0.779;2067.574
1995-08-21;-2.4095712;0.97498456;0.61825378;0.786;2094.8459
1995-08-22;-3.1902035;0.96701524;0.63915925;0.787;2121.8391
1995-08-23;-2.9373869;0.96958904;0.64522273;0.782;2147.1073
1995-08-24;-1.9718884;0.97948147;0.64609434;0.758;2169.6505
1995-08-25;-3.8144591;0.96068924;0.65132717;0.771;2190.4186
1995-08-26;-2.7569067;0.9714306;0.6546959;0.798;2210.2719
1995-08-27;-3.0607462;0.96833232;0.66154331;0.786;2229.7888
1995-08-28;-3.6738072;0.96211094;0.67170574;0.789;2249.5954
1995-08-29;-3.1766591;0.96715296;0.67661329;0.802;2268.8191
1995-08-30;-2.0897975;0.978268;0.68494059;0.793;2287.2831
1995-08-31;-2.0332521;0.97884975;0.6929466;0.802;2306.2524
1995-09-01;-1.9199857;0.98001612;0.68356814;0.789;2327.7984
1995-09-02;-0.69726434;0.99269594;0.65659464;0.754;2353.1837
1995-09-03;-0.48415439;0.99492265;0.63284948;0.778;2381.9385
1995-09-04;-0.23671378;0.99751434;0.62316422;0.766;2411.8892
1995-09-05;-0.75351983;0.99210897;0.6234743;0.758;2440.0886
1995-09-06;-0.45973116;0.99517816;0.62440694;0.78;2466.8643
1995-09-07;0.8686978;1.0091751;0.62897445;0.788;2494.1961
1995-09-08;0.13709402;1.0014424;0.6449431;0.768;2522.6317
1995-09-09;-1.1739422;0.98773331;0.66650705;0.792;2551.1644
1995-09-10;0.73303497;1.0077367;0.68329918;0.808;2578.2537
1995-09-11;0.81512951;1.0086069;0.68901915;0.787;2604.2842
1995-09-12;0.84507321;1.0089245;0.69026705;0.789;2630.8325
1995-09-13;1.0067683;1.0106411;0.69162301;0.783;2659.0091
1995-09-14;1.774551;1.0188323;0.69743963;0.804;2690.9667
1995-09-15;1.3051991;1.0138171;0.70247106;0.772;2726.4866
1995-09-16;1.2730766;1.0134748;0.69572663;0.772;2761.7768
1995-09-17;3.1932163;1.0341426;0.68338119;0.78;2793.3196
1995-09-18;1.2163949;1.012871;0.68097777;0.791;2820.3999
1995-09-19;-0.077743561;0.99918296;0.68675772;0.837;2844.8126
1995-09-20;2.7903575;1.0297717;0.6879665;0.812;2868.5916
1995-09-21;1.7638661;1.0187179;0.67892567;0.811;2892.9342
1995-09-22;-0.72143701;0.99244368;0.66930936;0.82;2918.1072
1995-09-23;0.92526374;1.0097755;0.67277737;0.801;2945.1265
1995-09-24;-0.25567254;0.99731553;0.69059685;0.826;2975.5214
1995-09-25;0.7546211;1.0079655;0.69371807;0.803;3007.5829
1995-09-26;1.9222128;1.0204153;0.68014971;0.814;3038.769
1995-09-27;1.1073054;1.01171;0.67582235;0.819;3067.5983
1995-09-28;2.624947;1.0279824;0.68758511;0.789;3094.2629
1995-09-29;4.1908433;1.0450466;0.70524017;0.799;3119.1116
1995-09-30;3.0076311;1.0321268;0.70946147;0.818;3142.0842
1995-10-01;2.4887125;1.026511;0.70066792;0.832;3164.2947
1995-10-02;3.8070387;1.0408381;0.69283147;0.815;3187.5212
1995-10-03;5.2966078;1.057267;0.68789763;0.821;3212.8015
1995-10-04;4.2136763;1.0452975;0.68487013;0.848;3239.8294
1995-10-05;5.5550942;1.0601442;0.67494773;0.817;3267.2899
1995-10-06;5.8325188;1.0632409;0.66323894;0.838;3293.6831
1995-10-07;3.9141245;1.0420106;0.66275605;0.828;3319.0277
1995-10-08;3.9712298;1.0426364;0.68066885;0.853;3345.5181
1995-10-09;2.0957574;1.0222788;0.70620173;0.823;3374.6462
1995-10-10;2.0289701;1.0215613;0.71574614;0.747;3406.3975
1995-10-11;2.5564776;1.0272427;0.70929312;0.787;3440.5246
1995-10-12;2.8973417;1.0309307;0.70338625;0.821;3475.7916
1995-10-13;3.2397377;1.0346486;0.697275;0.808;3509.0198
1995-10-14;1.4935281;1.0158265;0.69911315;0.794;3537.5835
1995-10-15;1.5366775;1.0162875;0.71044804;0.835;3562.7855
1995-10-16;2.546874;1.0271389;0.70371294;0.844;3588.1487
1995-10-17;3.85518;1.0413651;0.67536609;0.807;3615.8852
1995-10-18;3.6572362;1.0392001;0.66092597;0.811;3646.4799
1995-10-19;2.9786285;1.0318121;0.67139754;0.825;3680.5145
1995-10-20;3.5701789;1.0382494;0.70496543;0.803;3717.9727
1995-10-21;2.5880351;1.0275835;0.73874139;0.805;3755.1985
1995-10-22;2.7746696;1.0296019;0.74723263;0.849;3790.3832
1995-10-23;2.7763891;1.0296205;0.74413281;0.854;3824.2771
1995-10-24;1.8417375;1.0195523;0.75023794;0.824;3857.4984
1995-10-25;2.5925124;1.0276319;0.75238636;0.858;3889.0843
1995-10-26;3.2360337;1.0346083;0.74416184;0.869;3919.4004
1995-10-27;2.5258238;1.0269116;0.72438322;0.853;3948.7713
1995-10-28;3.2090513;1.0343148;0.69719281;0.846;3977.3312
1995-10-29;4.1863286;1.044997;0.6937037;0.864;4006.6283
1995-10-30;3.1266423;1.033419;0.71135553;0.867;4036.6541
1995-10-31;3.5465176;1.0379911;0.72530418;0.874;4067.0062
1995-11-01;2.2596587;1.024042;0.73540291;0.879;4099.1012
1995-11-02;1.9639822;1.0208635;0.74850389;0.872;4133.0605
1995-11-03;3.0506335;1.0325935;0.75642728;0.884;4166.3974
1995-11-04;4.4349273;1.0477319;0.75836329;0.887;4197.4654
1995-11-05;2.669976;1.0284692;0.76678854;0.904;4225.7038
1995-11-06;1.4768046;1.0156479;0.7814111;0.929;4252.0131
1995-11-07;1.0815975;1.0114366;0.79083663;0.903;4276.3162
1995-11-08;1.7632112;1.0187109;0.79224036;0.913;4298.36
1995-11-09;3.495341;1.0374328;0.7814499;0.916;4318.66
1995-11-10;2.1047306;1.0223753;0.77206838;0.878;4336.0677
1995-11-11;3.2544059;1.0348081;0.77917683;0.885;4351.0598
1995-11-12;3.830746;1.0410976;0.79853155;0.874;4365.6584
1995-11-13;3.1892072;1.034099;0.80989575;0.88;4380.8455
1995-11-14;3.9437296;1.042335;0.80755791;0.856;4396.5758
1995-11-15;4.3526407;1.0468259;0.81237973;0.842;4412.6015
1995-11-16;3.8873512;1.0417174;0.82893549;0.903;4430.7659
1995-11-17;3.0558681;1.0326504;0.84676059;0.893;4454.4746
1995-11-18;2.542173;1.0270882;0.86936691;0.866;4482.6191
1995-11-19;0.98356005;1.0103946;0.89179127;0.848;4510.535
1995-11-20;2.1137417;1.0224721;0.89036271;0.856;4536.1027
1995-11-21;4.1504044;1.0446024;0.86822145;0.857;4562.0388
1995-11-22;2.7216437;1.029028;0.8392639;0.88;4590.142
1995-11-23;2.3459756;1.0249717;0.81754954;0.87;4618.2499
1995-11-24;2.7580732;1.0294222;0.8185968;0.858;4644.4109
1995-11-25;1.6453343;1.0174491;0.83109876;0.912;4668.115
1995-11-26;2.6033989;1.0277495;0.83960803;0.913;4690.1085
1995-11-27;4.1893434;1.0450301;0.83826738;0.875;4712.582
1995-11-28;2.8207438;1.0301008;0.83435098;0.889;4738.3232
1995-11-29;0.51166506;1.005394;0.83416928;0.88;4766.9387
1995-11-30;4.7342485;1.0510343;0.83537685;0.905;4794.864
1995-12-01;3.5797072;1.0383534;0.83823381;0.922;4820.3075
1995-12-02;0.2714291;1.0028578;0.84155388;0.906;4843.4095
1995-12-03;0.56736903;1.005983;0.8410724;0.904;4864.905
1995-12-04;0.51640996;1.0054442;0.8348796;0.912;4885.4999
1995-12-05;0.39587556;1.0041708;0.82446638;0.942;4906.1988
1995-12-06;1.4480913;1.0153414;0.82131326;0.932;4926.5836
1995-12-07;0.62999701;1.0066456;0.8238993;0.94;4945.0635
1995-12-08;0.77672707;1.0081998;0.82648388;0.915;4962.5721
1995-12-09;0.82202081;1.00868;0.82635332;0.907;4980.9616
1995-12-10;1.7280092;1.0183339;0.83959208;0.937;5001.0467
1995-12-11;3.0566691;1.032659;0.86045042;0.917;5023.0906
1995-12-12;2.5168966;1.0268153;0.86354298;0.896;5045.8403
1995-12-13;2.0325113;1.0215993;0.83514298;0.853;5069.479
1995-12-14;3.01585;1.032216;0.79581118;0.859;5092.6397
1995-12-15;3.9848966;1.0427863;0.77225529;0.909;5113.7126
1995-12-16;4.1917026;1.0450561;0.78069841;0.953;5134.6582
1995-12-17;5.7222321;1.0620087;0.80941448;0.924;5158.1882
1995-12-18;4.5007624;1.0484574;0.8267782;0.89;5182.975
1995-12-19;3.2381762;1.0346316;0.81696545;0.904;5207.9349
1995-12-20;3.8097055;1.0408673;0.79408215;0.872;5234.7004
1995-12-21;3.4412448;1.0368429;0.77981074;0.853;5263.3783
1995-12-22;4.5903585;1.0494455;0.78065889;0.877;5290.8569
1995-12-23;3.633311;1.0389387;0.79985007;0.924;5314.4789
1995-12-24;3.2925127;1.0352228;0.81574313;0.904;5337.5046
1995-12-25;2.6695122;1.0284642;0.81378451;0.864;5363.1004
1995-12-26;2.3615084;1.0251391;0.81623803;0.869;5389.3445
1995-12-27;1.9856376;1.0210959;0.82117204;0.894;5414.8231
1995-12-28;1.3966024;1.0147919;0.81384318;0.892;5438.7872
1995-12-29;2.1843329;1.0232313;0.80435089;0.873;5461.5588
1995-12-30;2.8728729;1.0306655;0.79659672;0.873;5483.8715
1995-12-31;3.3765569;1.036138;0.7865256;0.885;5505.8411
1996-01-01;2.6960231;1.0287509;0.779468;0.884;5526.0949
1996-01-02;1.1324159;1.0119771;0.77765756;0.913;5544.4169
1996-01-03;2.2771179;1.02423;0.79317796;0.916;5563.8056
1996-01-04;3.9945915;1.0428926;0.82486709;0.904;5585.0457
1996-01-05;4.1908171;1.0450463;0.84936689;0.923;5606.0196
1996-01-06;3.6016548;1.038593;0.85562761;0.902;5625.403
1996-01-07;3.4275606;1.0366937;0.85330391;0.922;5644.2085
1996-01-08;4.8288831;1.0520806;0.85421289;0.891;5663.2543
1996-01-09;4.1006467;1.0440561;0.8563978;0.858;5679.4237
1996-01-10;5.6738675;1.0614689;0.8476373;0.94;5690.8505
1996-01-11;4.6178012;1.0497483;0.83772396;0.935;5700.9434
1996-01-12;3.5964287;1.0385359;0.82964187;0.951;5713.4811
1996-01-13;3.4159036;1.0365667;0.81118388;0.948;5730.403
1996-01-14;4.8613217;1.0524394;0.79154176;0.911;5752.3543
1996-01-15;3.0468874;1.0325529;0.78231791;0.901;5778.7471
1996-01-16;2.0262788;1.0215323;0.77836211;0.906;5806.7587
1996-01-17;2.6502231;1.0282556;0.77229986;0.963;5834.1316
1996-01-18;1.3998485;1.0148265;0.76302159;0.927;5860.8767
1996-01-19;2.0025514;1.0212775;0.75560515;0.885;5885.3838
1996-01-20;3.076506;1.0328744;0.74939249;0.884;5907.1989
1996-01-21;1.9905448;1.0211486;0.74686677;0.886;5930.6597
1996-01-22;1.338512;1.0141723;0.76027149;0.885;5954.9969
1996-01-23;3.0531995;1.0326214;0.77642528;0.905;5978.1853
1996-01-24;1.8359868;1.0194906;0.77917427;0.884;6001.6948
1996-01-25;1.0030248;1.0106014;0.7671404;0.891;6025.3422
1996-01-26;0.19258891;1.0020269;0.74577561;0.919;6047.3796
1996-01-27;0.59779783;1.0063049;0.72640234;0.896;6067.9277
1996-01-28;2.0708019;1.0220106;0.7261105;0.94;6089.1349
1996-01-29;0.72497569;1.0076513;0.73478716;0.93;6110.6565
1996-01-30;0.11282228;1.0011869;0.73599127;0.905;6132.8273
1996-01-31;0.31908817;1.0033604;0.7281603;0.934;6156.1651
1996-02-01;0.99426729;1.0105083;0.71333894;0.933;6178.8131
1996-02-02;0.31903826;1.0033599;0.71129111;0.884;6200.261
1996-02-03;0.40777789;1.0042965;0.73396637;0.908;6221.5122
1996-02-04;2.5164523;1.0268105;0.75795329;0.916;6243.3629
1996-02-05;0.42421467;1.0044701;0.75737261;0.927;6265.703
1996-02-06;1.0416447;1.0110118;0.73432226;0.94;6287.3338
1996-02-07;1.7520033;1.0185908;0.71552916;0.942;6307.378
1996-02-08;0.83579664;1.0088261;0.70980399;0.979;6326.9646
1996-02-09;1.1312779;1.011965;0.7041618;0.959;6347.8534
1996-02-10;-0.12423897;0.99869463;0.70059582;0.957;6370.6923
1996-02-11;1.3311354;1.0140936;0.71698446;0.943;6394.4185
1996-02-12;1.8735153;1.019893;0.74383054;0.943;6418.6636
1996-02-13;0.90097078;1.0095176;0.75148967;0.994;6444.221
1996-02-14;2.6142887;1.0278672;0.74403475;0.973;6469.6938
1996-02-15;2.9812354;1.0318404;0.73155769;0.991;6493.8191
1996-02-16;1.3590421;1.0143912;0.72207048;0.96;6517.8979
1996-02-17;0.66144717;1.0069785;0.71935834;0.96;6544.2068
1996-02-18;3.0766958;1.0328765;0.70287426;0.993;6575.5675
1996-02-19;1.5125124;1.0160293;0.68331511;0.979;6611.2702
1996-02-20;-0.41162868;0.99568159;0.67625609;1.01;6647.4554
1996-02-21;-0.62902541;0.9934084;0.68306484;0.944;6681.4757
1996-02-22;-1.9207234;0.98000852;0.69599107;0.945;6711.1538
1996-02-23;-1.1414689;0.9880706;0.70169193;0.961;6736.8852
1996-02-24;0.22637391;1.0023829;0.69758489;0.957;6761.9289
1996-02-25;0.27873192;1.0029348;0.69404345;0.945;6789.0102
1996-02-26;-1.9273894;0.97993983;0.69686596;0.907;6817.1969
1996-02-27;-1.9928792;0.97926533;0.70123687;0.901;6845.6549
1996-02-28;-0.33376787;0.996497;0.70103847;0.868;6874.8821
1996-02-29;-0.92341813;0.99033838;0.69510413;0.855;6904.2286
1996-03-01;-1.1325872;0.98816287;0.69044922;0.896;6932.5302
1996-03-02;0.28284045;1.0029781;0.68876983;0.883;6959.6963
1996-03-03;-0.16952468;0.99821925;0.6979732;0.869;6984.3688
1996-03-04;-1.3718535;0.98568018;0.71912035;0.951;7004.7999
1996-03-05;-3.7506346;0.96133411;0.73391833;0.931;7023.9873
1996-03-06;-4.3010422;0.95578708;0.72860871;0.9;7048.2059
1996-03-07;-3.3245422;0.96565039;0.71197184;0.875;7078.3823
1996-03-08;-2.8597854;0.97038043;0.69965529;0.921;7111.3433
1996-03-09;-4.759548;0.95119068;0.70496146;0.907;7144.6895
1996-03-10;-2.9725107;0.96923105;0.72971395;0.924;7177.9904
1996-03-11;-1.7682911;0.98158037;0.75100619;0.957;7212.667
1996-03-12;-1.8655985;0.98057666;0.75491515;0.89;7250.0515
1996-03-13;-0.69775206;0.99269085;0.75352275;0.916;7289.9306
1996-03-14;-1.6575817;0.98272357;0.76003265;0.941;7332.2968
1996-03-15;-1.0946542;0.98855705;0.77338446;0.956;7375.3631
1996-03-16;0.012858545;1.0001352;0.78153047;0.933;7416.2825
1996-03-17;0.11956398;1.0012579;0.78006522;0.914;7454.3527
1996-03-18;-0.64114841;0.99328179;0.78560983;0.984;7490.6791
1996-03-19;0.72525363;1.0076543;0.80543985;1.02;7530.1045
1996-03-20;0.17400381;1.0018311;0.83659526;1.02;7575.063
1996-03-21;2.0544195;1.0218346;0.8627019;1.03;7621.2291
1996-03-22;1.2905556;1.0136611;0.87170632;1.03;7663.7868
1996-03-23;0.40482237;1.0042653;0.88773422;0.965;7703.2528
1996-03-24;1.3605293;1.0144071;0.91608438;0.965;7741.9611
1996-03-25;0.10788093;1.0011349;0.93023518;0.963;7781.6398
1996-03-26;0.18123265;1.0019073;0.91510718;1.01;7824.265
1996-03-27;-0.64399693;0.99325204;0.89602998;0.977;7868.3175
1996-03-28;0.19226376;1.0020235;0.89646353;0.947;7909.193
1996-03-29;0.34699196;1.0036549;0.90852148;0.98;7946.0435
1996-03-30;0.76538067;1.0080795;0.92625232;0.942;7982.0751
1996-03-31;0.58105492;1.0061278;0.94571605;0.922;8019.3722
1996-04-01;0.42687354;1.0044981;0.95500161;0.968;8057.1633
1996-04-02;-1.0420274;0.98910417;0.95266518;0.991;8094.453
1996-04-03;-0.57515709;0.99397119;0.95680075;0.991;8131.4023
1996-04-04;0.33764902;1.0035563;0.95842656;0.982;8168.3004
1996-04-05;-1.9663723;0.97953828;0.93969652;0.955;8205.2083
1996-04-06;-1.2376977;0.98707145;0.91441855;0.961;8242.7186
1996-04-07;-0.5650041;0.99407729;0.90103831;0.972;8281.8051
1996-04-08;0.075094426;1.0007898;0.91166947;1.05;8321.141
1996-04-09;-0.18230546;0.99808512;0.93872421;1.05;8359.3784
1996-04-10;-0.70021697;0.99266512;0.96163603;1.01;8396.0805
1996-04-11;-0.15820032;0.9983381;0.96872736;1.0;8431.2717
1996-04-12;-1.0628435;0.98888772;0.95980248;0.999;8465.6017
1996-04-13;0.93159926;1.0098427;0.94846044;1.06;8503.0264
1996-04-14;2.3192026;1.0246832;0.96543468;1.05;8544.2704
1996-04-15;1.2434349;1.013159;0.9987217;1.06;8587.7966
1996-04-16;0.27337143;1.0028783;1.0272952;1.09;8634.1662
1996-04-17;1.3540438;1.0143379;1.0469902;1.04;8682.2976
1996-04-18;1.912905;1.0203154;1.064866;1.06;8730.5502
1996-04-19;0.7277587;1.0076808;1.0869658;1.08;8778.8809
1996-04-20;2.1700932;1.0230781;1.1011999;1.08;8828.638
1996-04-21;1.6488548;1.0174868;1.0828891;1.08;8878.8479
1996-04-22;2.8918915;1.0308716;1.0531556;1.0;8928.0874
1996-04-23;2.7443803;1.029274;1.0569244;1.01;8978.0689
1996-04-24;0.081007924;1.0008521;1.0806127;1.06;9030.2045
1996-04-25;2.7506966;1.0293424;1.0801414;1.09;9087.5413
1996-04-26;3.3833128;1.0362116;1.0572286;1.1;9149.9596
1996-04-27;4.1127665;1.0441891;1.0349331;1.11;9212.625
1996-04-28;3.4646428;1.037098;1.016868;1.1;9273.1844
1996-04-29;2.5846406;1.0275469;0.99927724;1.06;9329.9179
1996-04-30;3.7867137;1.0406157;0.99042037;1.04;9384.1819
1996-05-01;4.7834822;1.0515785;1.0047055;1.01;9441.4538
1996-05-02;5.3850274;1.0582503;1.0234234;0.959;9504.1883
1996-05-03;4.4505714;1.0479043;1.0271652;0.977;9570.1032
1996-05-04;5.0138917;1.054129;1.0224195;0.959;9635.6025
1996-05-05;5.4164925;1.0586004;1.0229889;1.0;9698.305
1996-05-06;5.1484495;1.0556213;1.0253822;0.999;9759.3735
1996-05-07;6.157933;1.0668848;1.0298175;0.95;9820.7337
1996-05-08;4.1768202;1.0448926;1.0464976;0.965;9884.524
1996-05-09;5.3700785;1.058084;1.0673243;0.965;9950.2993
1996-05-10;6.5217399;1.0709734;1.0868821;0.929;10015.081
1996-05-11;4.4134292;1.0474951;1.1019689;0.9;10076.649
1996-05-12;3.2007048;1.034224;1.1088866;0.933;10133.949
1996-05-13;4.2107509;1.0452654;1.1050859;0.947;10186.977
1996-05-14;8.6051144;1.0946909;1.0793758;0.971;10239.476
1996-05-15;7.9726542;1.0874359;1.0424967;0.96;10291.767
1996-05-16;6.010436;1.0652316;1.0301749;0.964;10339.39
1996-05-17;6.5691227;1.0715071;1.042712;0.995;10384.065
1996-05-18;6.6861241;1.072826;1.0657852;0.966;10430.794
1996-05-19;5.6631042;1.0613487;1.0767567;0.924;10482.208
1996-05-20;5.9855802;1.0649533;1.0777525;0.946;10534.341
1996-05-21;5.1693418;1.0558532;1.0627769;0.984;10583.739
1996-05-22;6.9895306;1.0762537;1.0299141;0.956;10633.1
1996-05-23;7.6117198;1.0833171;1.0130046;0.959;10685.084
1996-05-24;6.5713338;1.071532;1.0202979;0.945;10738.867
1996-05-25;7.6700175;1.0839813;1.0484568;0.912;10789.294
1996-05-26;8.0901379;1.0887799;1.079978;0.913;10835.105
1996-05-27;6.7006222;1.0729895;1.0916355;0.925;10882.936
1996-05-28;7.2409544;1.0791025;1.0778966;0.936;10935.606
1996-05-29;7.1464589;1.0780309;1.0686172;0.893;10988.969
1996-05-30;6.3427324;1.0689597;1.092583;0.896;11042.223
1996-05-31;7.7335782;1.084706;1.1188148;0.903;11099.004
1996-06-01;8.1286182;1.0892205;1.113081;0.9;11161.271
1996-06-02;8.7053666;1.0958454;1.0961458;0.914;11226.057
1996-06-03;8.947431;1.0986379;1.1076827;0.885;11289.76
1996-06-04;7.0145182;1.0765365;1.1350303;0.872;11351.832
1996-06-05;7.4829496;1.0818515;1.1392628;0.883;11413.997
1996-06-06;8.2240172;1.0903135;1.1287775;0.894;11473.471
1996-06-07;8.9581852;1.0987621;1.1310999;0.9;11527.848
1996-06-08;9.5814939;1.1059863;1.1327319;0.893;11579.92
1996-06-09;9.0557292;1.0998895;1.1288317;0.882;11628.18
1996-06-10;8.9328953;1.09847;1.1384533;0.861;11673.071
1996-06-11;8.696394;1.095742;1.1420821;0.884;11720.7
1996-06-12;8.7991195;1.0969261;1.1448662;0.848;11773.074
1996-06-13;9.8705347;1.1093524;1.1489984;0.869;11830.937
1996-06-14;8.8008431;1.096946;1.147154;0.913;11893.479
1996-06-15;9.4066653;1.1039552;1.1469405;0.883;11957.865
1996-06-16;8.7447546;1.0962993;1.1457664;0.913;12021.985
1996-06-17;9.3748678;1.1035862;1.1459541;0.905;12085.531
1996-06-18;9.9526306;1.1103103;1.1390481;0.881;12149.642
1996-06-19;10.427612;1.1158689;1.1242116;0.88;12212.437
1996-06-20;11.841514;1.1325807;1.1313123;0.886;12273.949
1996-06-21;9.7206129;1.1076051;1.1558817;0.905;12339.765
1996-06-22;9.1821729;1.1013527;1.1793416;0.867;12414.83
1996-06-23;9.6529834;1.1068179;1.1838752;0.868;12495.677
1996-06-24;9.8210853;1.1087758;1.1733074;0.869;12575.896
1996-06-25;8.4524706;1.0929355;1.1641321;0.865;12650.997
1996-06-26;8.0602109;1.0884374;1.1626944;0.869;12719.831
1996-06-27;8.8885571;1.097958;1.1638021;0.882;12786.361
1996-06-28;8.302223;1.0912104;1.1673051;0.886;12854.709
1996-06-29;8.0410459;1.0882181;1.1816607;0.903;12926.103
1996-06-30;9.358835;1.1034002;1.2135969;0.894;13000.886
1996-07-01;7.6474744;1.0837245;1.2414095;0.894;13079.041
1996-07-02;6.2495246;1.0679127;1.2374512;0.898;13160.235
1996-07-03;8.845432;1.0974603;1.2231352;0.858;13243.672
1996-07-04;9.0238052;1.0995204;1.2150238;0.873;13331.987
1996-07-05;10.086516;1.1118743;1.2292751;0.87;13425.296
1996-07-06;9.820109;1.1087644;1.2680802;0.833;13518.492
1996-07-07;10.147507;1.1125875;1.2869943;0.865;13607.301
1996-07-08;9.0553913;1.0998856;1.2448074;0.874;13692.26
1996-07-09;8.7947633;1.0968758;1.1731832;0.847;13778.165
1996-07-10;7.9751976;1.087465;1.1295001;0.874;13864.294
1996-07-11;8.7506083;1.0963668;1.1306129;0.864;13947.497
1996-07-12;10.526671;1.1170317;1.148101;0.867;14033.107
1996-07-13;9.7607239;1.1080723;1.1435189;0.874;14128.241
1996-07-14;9.1936519;1.1014856;1.1156391;0.847;14228.592
1996-07-15;10.000755;1.1108722;1.0928897;0.857;14327.757
1996-07-16;9.6233517;1.1064731;1.083293;0.866;14424.724
1996-07-17;9.5896496;1.1060811;1.0725704;0.841;14518.31
1996-07-18;8.8364346;1.0973565;1.0631658;0.835;14609.389
1996-07-19;8.8979548;1.0980665;1.0708848;0.877;14701.345
1996-07-20;10.646792;1.1184433;1.0935003;0.886;14798.647
1996-07-21;10.597185;1.1178601;1.1264554;0.879;14902.784
1996-07-22;10.043054;1.1113664;1.1536508;0.888;15009.29
1996-07-23;8.9090763;1.0981949;1.1712489;0.872;15115.598
1996-07-24;8.1494085;1.0894586;1.1797588;0.878;15224.271
1996-07-25;6.9129488;1.0753875;1.1876763;0.884;15336.7
1996-07-26;8.0386017;1.0881901;1.1850311;0.868;15451.632
1996-07-27;8.2693147;1.0908329;1.1822112;0.878;15566.743
1996-07-28;8.1291709;1.0892268;1.1984822;0.916;15679.529
1996-07-29;9.497812;1.1050136;1.214462;0.897;15788.702
1996-07-30;8.3790345;1.092092;1.2213782;0.837;15892.077
1996-07-31;9.0570926;1.0999053;1.2022672;0.846;15990.759
1996-08-01;8.9301125;1.0984378;1.1944574;0.836;16089.696
1996-08-02;10.221766;1.1134565;1.2105542;0.859;16189.845
1996-08-03;10.038511;1.1113133;1.2273431;0.842;16290.502
1996-08-04;10.490371;1.1166054;1.2518128;0.835;16388.694
1996-08-05;10.680722;1.1188423;1.2739265;0.858;16481.633
1996-08-06;10.085926;1.1118674;1.2859948;0.848;16570.967
1996-08-07;11.796664;1.1320467;1.2828776;0.857;16657.809
1996-08-08;10.514913;1.1168936;1.2877096;0.833;16741.002
1996-08-09;9.8841613;1.1095113;1.2948607;0.825;16820.08
1996-08-10;10.292276;1.1142823;1.2835701;0.838;16896.782
1996-08-11;10.749952;1.119657;1.2772003;0.832;16973.87
1996-08-12;10.704337;1.1191201;1.2792114;0.819;17053.165
1996-08-13;10.058837;1.1115508;1.2606723;0.83;17137.794
1996-08-14;10.471292;1.1163815;1.2375755;0.851;17225.42
1996-08-15;8.8195448;1.0971617;1.2371184;0.833;17310.742
1996-08-16;7.3808519;1.0806908;1.2453537;0.794;17395.676
1996-08-17;7.1826284;1.0784409;1.2412073;0.805;17483.485
1996-08-18;9.4956374;1.1049884;1.2353739;0.821;17572.65
1996-08-19;9.697779;1.1073393;1.249787;0.815;17660.497
1996-08-20;7.3379061;1.080203;1.2756018;0.845;17746.098
1996-08-21;9.1701749;1.1012138;1.2669262;0.829;17829.564
1996-08-22;10.39356;1.1154695;1.2224609;0.84;17916.166
1996-08-23;9.6665233;1.1069754;1.1734725;0.879;18009.337
1996-08-24;8.9335896;1.098478;1.1492348;0.848;18104.645
1996-08-25;7.3545016;1.0803915;1.1582925;0.848;18195.529
1996-08-26;7.8390089;1.085909;1.178756;0.866;18280.115
1996-08-27;7.8434538;1.0859598;1.1952817;0.848;18361.612
1996-08-28;9.0107173;1.0993691;1.200458;0.853;18447.176
1996-08-29;7.9103652;1.086724;1.1968117;0.837;18543.033
1996-08-30;7.851081;1.0860468;1.1960788;0.8;18646.113
1996-08-31;8.6010835;1.0946445;1.2062662;0.804;18745.938
1996-09-01;7.4160768;1.0810911;1.2091247;0.845;18836.877
1996-09-02;9.049446;1.0998169;1.1990498;0.863;18925.14
1996-09-03;9.2416759;1.1020419;1.2026655;0.824;19019.822
1996-09-04;8.2720515;1.0908643;1.2213042;0.856;19126.391
1996-09-05;8.9376112;1.0985244;1.2533614;0.861;19241.852
1996-09-06;8.8030363;1.0969713;1.2917375;0.799;19360.437
1996-09-07;7.7710507;1.0851334;1.3206863;0.795;19479.737
1996-09-08;9.4158464;1.1040618;1.3236741;0.814;19597.705
1996-09-09;9.6453368;1.1067289;1.3064907;0.79;19712.507
1996-09-10;9.6885313;1.1072316;1.2857119;0.785;19818.378
1996-09-11;8.5726234;1.0943171;1.2682619;0.803;19915.523
1996-09-12;7.7877112;1.0853235;1.2631314;0.82;20010.358
1996-09-13;8.1813896;1.089825;1.2718678;0.826;20106.575
1996-09-14;7.8206235;1.0856991;1.2815524;0.826;20202.31
1996-09-15;6.8863381;1.0750867;1.2766137;0.835;20293.562
1996-09-16;6.7935463;1.0740383;1.2677857;0.849;20382.426
1996-09-17;7.2302385;1.0789809;1.2615227;0.835;20475.732
1996-09-18;6.8062356;1.0741816;1.2518263;0.819;20573.086
1996-09-19;7.3105208;1.079892;1.2562158;0.832;20669.01
1996-09-20;7.1788827;1.0783985;1.2728609;0.856;20759.754
1996-09-21;5.6794095;1.0615307;1.295478;0.866;20843.866
1996-09-22;3.9326927;1.0422141;1.3259407;0.858;20919.313
1996-09-23;5.2893574;1.0571864;1.365549;0.832;20986.9
1996-09-24;3.9142251;1.0420117;1.4040988;0.865;21050.949
1996-09-25;4.1230163;1.0443017;1.4253723;0.87;21117.026
1996-09-26;5.7880956;1.0627444;1.4100217;0.866;21184.797
1996-09-27;5.4819428;1.0593291;1.377532;0.897;21253.331
1996-09-28;3.3513852;1.0358638;1.3576028;0.886;21323.739
1996-09-29;2.7368681;1.0291928;1.3590241;0.879;21392.697
1996-09-30;3.402998;1.036426;1.3746325;0.864;21459.84
1996-10-01;4.4304167;1.0476822;1.4027252;0.904;21529.942
1996-10-02;4.622312;1.0497981;1.4317114;0.953;21604.108
1996-10-03;3.6348582;1.0389556;1.4535992;0.939;21679.356
1996-10-04;3.6404563;1.0390168;1.4670201;0.903;21754.846
1996-10-05;3.9786383;1.0427177;1.484672;0.904;21829.691
1996-10-06;6.3164802;1.0686647;1.4898445;0.945;21903.923
1996-10-07;3.6731406;1.0393739;1.4770852;0.892;21981.592
1996-10-08;4.0556349;1.0435621;1.4808454;0.894;22065.954
1996-10-09;5.316547;1.0574886;1.5030948;0.904;22158.761
1996-10-10;3.4431207;1.0368633;1.5341164;0.883;22259.614
1996-10-11;4.9043383;1.0529155;1.5506884;0.926;22361.808
1996-10-12;4.836155;1.052161;1.5355328;0.953;22458.189
1996-10-13;4.2507955;1.0457056;1.4895286;0.933;22554.718
1996-10-14;5.1930885;1.0561169;1.4442245;0.906;22656.4
1996-10-15;6.8442002;1.0746105;1.4441569;0.933;22759.609
1996-10-16;6.2730485;1.0681768;1.4817507;0.938;22863.235
1996-10-17;5.5008693;1.0595399;1.4859247;0.909;22970.427
1996-10-18;3.5777994;1.0383326;1.4626621;0.864;23083.008
1996-10-19;1.9542433;1.020759;1.4495032;0.871;23202.559
1996-10-20;2.661069;1.0283729;1.4488022;0.906;23326.346
1996-10-21;2.4862577;1.0264846;1.4493592;0.877;23455.295
1996-10-22;2.1483284;1.022844;1.4566533;0.928;23588.234
1996-10-23;0.87739657;1.0092674;1.4693046;0.917;23723.456
1996-10-24;1.7104146;1.0181455;1.4697833;0.838;23859.759
1996-10-25;2.415225;1.0257182;1.4520629;0.896;23996.954
1996-10-26;2.1814262;1.0232;1.4342114;0.891;24137.953
1996-10-27;2.2964661;1.0244383;1.4380244;0.871;24282.47
1996-10-28;1.8197744;1.0193169;1.4732398;0.906;24427.513
1996-10-29;3.2928572;1.0352266;1.5052435;0.935;24572.772
1996-10-30;3.5882299;1.0384464;1.5054237;0.914;24717.85
1996-10-31;2.9206754;1.0311836;1.4925344;0.938;24861.834
1996-11-01;3.4704694;1.0371615;1.4942842;0.94;25007.102
1996-11-02;2.5249048;1.0269017;1.5088648;0.925;25158.17
1996-11-03;1.8402545;1.0195364;1.5259889;0.924;25312.234
1996-11-04;3.6956887;1.0396203;1.516486;0.918;25459.883
1996-11-05;3.9011501;1.0418685;1.4878144;0.965;25604.136
1996-11-06;4.2180759;1.0453459;1.4843989;0.986;25755.851
1996-11-07;5.6471537;1.0611708;1.4935019;0.992;25918.708
1996-11-08;5.7539157;1.0623626;1.4930565;0.951;26088.535
1996-11-09;2.6120503;1.027843;1.4963134;0.929;26263.117
1996-11-10;3.109501;1.0332328;1.5034905;0.93;26441.571
1996-11-11;6.4429597;1.0700867;1.5274583;0.921;26619.755
1996-11-12;4.627318;1.0498534;1.5537557;0.887;26795.956
1996-11-13;3.6063427;1.0386442;1.573321;0.842;26970.387
1996-11-14;2.2752687;1.02421;1.585676;0.863;27144.914
1996-11-15;1.1223616;1.0118701;1.5814304;0.868;27317.487
1996-11-16;3.7220468;1.0399085;1.5650827;0.912;27486.821
1996-11-17;3.4073122;1.036473;1.5498505;0.904;27656.997
1996-11-18;4.7153799;1.0508258;1.5262883;0.89;27828.066
1996-11-19;5.1046409;1.0551352;1.5203838;0.862;27997.146
1996-11-20;2.157375;1.0229413;1.5570759;0.869;28165.472
1996-11-21;1.759184;1.0186677;1.6120811;0.885;28335.988
1996-11-22;2.528551;1.0269411;1.6425201;0.915;28508.325
1996-11-23;2.6942385;1.0287316;1.6597323;0.918;28682.408
1996-11-24;2.0874493;1.0221895;1.6523288;0.878;28855.859
1996-11-25;2.853114;1.0304514;1.624177;0.922;29028.641
1996-11-26;3.7836108;1.0405818;1.6275778;0.896;29206.557
1996-11-27;2.3946191;1.025496;1.6426871;0.851;29392.911
1996-11-28;3.5232355;1.0377371;1.6308935;0.873;29583.89
1996-11-29;3.4758112;1.0372198;1.5977555;0.892;29771.363
1996-11-30;3.1081042;1.0332176;1.5899617;0.892;29955.314
1996-12-01;3.9240597;1.0421195;1.604945;0.891;30138.663
1996-12-02;4.0954756;1.0439993;1.6147036;0.844;30321.917
1996-12-03;2.9708018;1.0317272;1.6196545;0.841;30503.274
1996-12-04;3.3511869;1.0358616;1.6271873;0.869;30676.959
1996-12-05;4.6175979;1.0497461;1.6317749;0.886;30845.272
1996-12-06;3.0877557;1.0329966;1.6172179;0.918;31016.507
1996-12-07;2.8367059;1.0302736;1.5928898;0.897;31190.905
1996-12-08;4.0663121;1.0436793;1.5722735;0.917;31367.959
1996-12-09;2.8247959;1.0301446;1.5776766;0.947;31549.822
1996-12-10;2.4378302;1.025962;1.5882645;0.935;31739.949
1996-12-11;2.1865477;1.0232551;1.5934138;0.932;31934.531
1996-12-12;1.9772021;1.0210054;1.5983373;0.941;32127.109
1996-12-13;0.99278457;1.0104926;1.5866092;0.992;32319.009
1996-12-14;0.68660621;1.0072449;1.576131;1.0;32515.759
1996-12-15;0.38330148;1.0040381;1.5785767;1.01;32720.52
1996-12-16;-0.69942029;0.99267344;1.5762138;1.03;32929.712
1996-12-17;-0.49179661;0.99484271;1.5703999;1.01;33142.126
1996-12-18;0.6341609;1.0066897;1.5543878;0.982;33357.93
1996-12-19;1.8717877;1.0198744;1.5470198;0.966;33577.544
1996-12-20;0.088709247;1.0009331;1.5780545;0.995;33799.599
1996-12-21;-0.095064202;0.99900102;1.6016849;1.01;34020.562
1996-12-22;1.6951198;1.0179818;1.6040053;0.981;34238.602
1996-12-23;1.2129655;1.0128345;1.64144;0.976;34453.553
1996-12-24;1.0789178;1.0114081;1.7194073;0.944;34661.535
1996-12-25;2.7327147;1.0291478;1.8062409;0.943;34864.988
1996-12-26;2.3345524;1.0248486;1.8255284;0.937;35070.06
1996-12-27;1.9435344;1.020644;1.7621579;0.963;35275.699
1996-12-28;1.7967499;1.0190701;1.7342272;1.03;35478.615
1996-12-29;2.038912;1.021668;1.7652225;1.0;35681.201
1996-12-30;2.9762781;1.0317866;1.8033909;1.0;35885.572
1996-12-31;0.81475367;1.0086029;1.8168633;0.986;36089.577
1997-01-01;1.0505073;1.011106;1.7856573;1.01;36295.233
1997-01-02;1.5604753;1.0165418;1.7434608;1.01;36508.388
1997-01-03;1.6797804;1.0178177;1.7363485;0.996;36731.608
1997-01-04;1.8248035;1.0193708;1.7441862;1.05;36958.678
1997-01-05;2.6292421;1.0280288;1.7337715;1.03;37181.07
1997-01-06;0.43657888;1.0046006;1.6985352;1.03;37395.698
1997-01-07;1.5730436;1.0166761;1.6707133;1.06;37608.686
1997-01-08;2.0473085;1.0217582;1.6811658;1.07;37829.378
1997-01-09;3.2025068;1.0342436;1.7212622;1.03;38058.206
1997-01-10;2.7209294;1.0290203;1.7565745;1.05;38289.21
1997-01-11;1.8765579;1.0199256;1.7512388;1.06;38519.835
1997-01-12;3.7705012;1.0404384;1.7281472;1.06;38752.693
1997-01-13;3.1993482;1.0342093;1.7206994;1.07;38989.866
1997-01-14;3.4053299;1.0364514;1.7419667;1.04;39230.431
1997-01-15;3.6452199;1.0390688;1.7540885;1.07;39474.859
1997-01-16;4.0653188;1.0436684;1.7384491;1.07;39724.508
1997-01-17;3.1198521;1.0333453;1.7511792;1.05;39968.184
1997-01-18;1.6584526;1.0175895;1.7689552;1.03;40196.547
1997-01-19;1.9208152;1.0204003;1.7676592;1.09;40415.706
1997-01-20;1.3390342;1.0141778;1.7665633;1.1;40636.869
1997-01-21;0.47358395;1.0049916;1.7899499;1.12;40868.335
1997-01-22;2.9997967;1.0320418;1.8415123;1.07;41115.965
1997-01-23;2.9649963;1.0316642;1.9026224;1.06;41373.572
1997-01-24;1.57119;1.0166563;1.9457367;1.09;41628.408
1997-01-25;3.4261315;1.0366781;1.9319099;1.05;41871.627
1997-01-26;1.4732729;1.0156102;1.8895108;1.05;42105.284
1997-01-27;0.060900538;1.0006405;1.8563684;1.03;42337.57
1997-01-28;2.3881732;1.0254265;1.8380464;1.05;42573.106
1997-01-29;2.4123253;1.025687;1.8588679;1.04;42809.784
1997-01-30;2.4217793;1.0257889;1.8998356;1.02;43044.059
1997-01-31;1.4236518;1.0150805;1.9070855;1.09;43278.859
1997-02-01;2.0507091;1.0217948;1.8702875;1.1;43515.619
1997-02-02;3.0244369;1.0323092;1.7985809;1.11;43746.31
1997-02-03;3.6799359;1.0394482;1.744432;1.1;43963.496
1997-02-04;4.4270214;1.0476448;1.7455895;1.11;44172.935
1997-02-05;3.1611781;1.0337943;1.7928614;1.1;44387.049
1997-02-06;3.8094272;1.0408643;1.8397293;1.08;44611.852
1997-02-07;4.3605535;1.046913;1.8364568;1.06;44840.348
1997-02-08;4.3920551;1.0472598;1.7887703;1.1;45064.643
1997-02-09;4.4772286;1.048198;1.7451574;1.17;45289.198
1997-02-10;3.3207478;1.0355302;1.7336309;1.13;45521.7
1997-02-11;3.9308152;1.0421935;1.743093;1.15;45761.014
1997-02-12;5.6774287;1.0615086;1.7338103;1.16;45992.615
1997-02-13;5.4112606;1.0585422;1.6943618;1.11;46207.799
1997-02-14;3.8721004;1.0415503;1.6432175;1.14;46423.547
1997-02-15;4.724073;1.0509219;1.6074843;1.12;46660.087
1997-02-16;5.0313576;1.0543226;1.6060536;1.15;46918.745
1997-02-17;5.3613519;1.0579869;1.6166065;1.13;47189.363
1997-02-18;4.2011443;1.0451598;1.6315754;1.13;47452.87
1997-02-19;4.1494701;1.0445921;1.6308944;1.12;47702.185
1997-02-20;6.7843091;1.073934;1.6201057;1.04;47946.75
1997-02-21;6.2201502;1.0675829;1.6362714;1.06;48196.072
1997-02-22;6.0561213;1.0657434;1.6620809;1.09;48449.798
1997-02-23;5.9803157;1.0648943;1.6729343;1.09;48701.216
1997-02-24;6.1559479;1.0668625;1.6616384;1.08;48946.284
1997-02-25;6.8035801;1.0741516;1.6508407;1.09;49190.928
1997-02-26;5.9160156;1.0641747;1.6717344;1.11;49446.888
1997-02-27;8.4057235;1.0923985;1.7108438;1.06;49722.862
1997-02-28;9.0067995;1.0993238;1.746961;1.09;50019.753
1997-03-01;6.3382955;1.0689098;1.7614567;1.12;50328.027
1997-03-02;7.4183811;1.0811173;1.7495139;1.13;50642.243
1997-03-03;7.9926502;1.0876645;1.7200422;1.11;50962.798
1997-03-04;6.89938;1.0752341;1.6952452;1.08;51293.931
1997-03-05;7.8538159;1.0860781;1.6969018;1.05;51635.563
1997-03-06;8.0234287;1.0880166;1.7107808;1.05;51985.719
1997-03-07;8.3790227;1.0920919;1.7360586;1.12;52344.627
1997-03-08;7.214953;1.0788075;1.7655671;1.14;52705.425
1997-03-09;6.1774163;1.0671034;1.7572389;1.14;53059.697
1997-03-10;6.7943362;1.0740473;1.7184362;1.25;53406.1
1997-03-11;7.146735;1.078034;1.7166102;1.29;53744.896
1997-03-12;8.6890679;1.0956576;1.7406521;1.25;54080.776
1997-03-13;8.6960793;1.0957384;1.7461573;1.28;54422.458
1997-03-14;6.3565953;1.0691155;1.6993543;1.25;54780.432
1997-03-15;5.1944687;1.0561322;1.6585762;1.22;55162.465
1997-03-16;7.5653643;1.0827893;1.6792147;1.22;55561.381
1997-03-17;6.9268436;1.0755446;1.7268872;1.24;55964.199
1997-03-18;6.553806;1.0713346;1.7609871;1.33;56366.986
1997-03-19;7.3005071;1.0797783;1.7638782;1.23;56772.983
1997-03-20;7.8237491;1.0857348;1.7478255;1.18;57181.57
1997-03-21;8.9483487;1.0986485;1.7334876;1.24;57588.078
1997-03-22;8.8079625;1.0970281;1.7204221;1.25;57995.722
1997-03-23;9.3299138;1.1030647;1.6932464;1.28;58414.659
1997-03-24;8.48105;1.093264;1.6500772;1.35;58846.143
1997-03-25;8.2682866;1.0908211;1.6184932;1.33;59281.087
1997-03-26;9.9167238;1.1098912;1.6214251;1.25;59715.487
1997-03-27;10.453429;1.1161718;1.6708157;1.21;60145.613
1997-03-28;10.58591;1.1177276;1.7346491;1.25;60566.838
1997-03-29;10.445906;1.1160835;1.7742905;1.24;60987.404
1997-03-30;10.000249;1.1108663;1.7948659;1.16;61410.788
1997-03-31;9.0803193;1.1001739;1.7986155;1.18;61835.59
1997-04-01;7.8000936;1.0854648;1.7973999;1.19;62259.92
1997-04-02;7.9137185;1.0867623;1.8014407;1.13;62682.565
1997-04-03;7.768447;1.0851037;1.793494;1.21;63102.39
1997-04-04;6.1860334;1.0672001;1.76602;1.2;63521.554
1997-04-05;5.6252099;1.060926;1.7214625;1.15;63940.367
1997-04-06;5.443153;1.0588972;1.6762388;1.17;64359.594
1997-04-07;4.9198169;1.0530869;1.6722905;1.18;64782.969
1997-04-08;5.7357417;1.0621596;1.6823247;1.25;65211.467
1997-04-09;4.8547722;1.052367;1.6630584;1.32;65638.117
1997-04-10;3.0456548;1.0325395;1.6586907;1.31;66058.149
1997-04-11;5.3386512;1.0577344;1.6962976;1.21;66475.214
1997-04-12;5.3213239;1.0575417;1.7128102;1.16;66891.329
1997-04-13;4.9876706;1.0538384;1.6920615;1.24;67305.038
1997-04-14;6.0233406;1.0653762;1.6866096;1.28;67717.283
1997-04-15;5.5500588;1.060088;1.7115175;1.21;68130.968
1997-04-16;4.2274662;1.0454491;1.7432289;1.2;68553.237
1997-04-17;4.8268106;1.0520576;1.7642933;1.18;68986.537
1997-04-18;3.6882214;1.0395387;1.7768471;1.16;69429.654
1997-04-19;2.7218391;1.0290301;1.7802633;1.2;69878.585
1997-04-20;3.2222508;1.0344584;1.7682421;1.23;70324.991
1997-04-21;3.8556865;1.0413706;1.7665847;1.24;70768.241
1997-04-22;5.0930559;1.0550067;1.7854874;1.2;71216.58
1997-04-23;3.5244388;1.0377502;1.8095783;1.24;71674.331
1997-04-24;4.003935;1.042995;1.8537232;1.31;72139.731
1997-04-25;3.501311;1.0374979;1.8810344;1.28;72614.154
1997-04-26;2.7146085;1.0289519;1.8657692;1.24;73088.618
1997-04-27;3.0422396;1.0325024;1.8264848;1.16;73558.629
1997-04-28;1.8749569;1.0199084;1.7608254;1.23;74022.35
1997-04-29;3.047257;1.0325569;1.6994222;1.23;74483.976
1997-04-30;2.4242665;1.0258157;1.6948859;1.26;74953.745
1997-05-01;1.34074;1.014196;1.7353647;1.21;75431.467
1997-05-02;2.6677255;1.0284449;1.7774171;1.21;75909.452
1997-05-03;3.0365209;1.0324403;1.7834642;1.25;76379.856
1997-05-04;3.4302192;1.0367227;1.7912841;1.27;76846.03
1997-05-05;4.3897946;1.0472349;1.8429998;1.31;77315.867
1997-05-06;3.174429;1.0339384;1.9056996;1.33;77790.346
1997-05-07;2.5595839;1.0272762;1.9174;1.29;78264.054
1997-05-08;2.9919722;1.0319569;1.8828035;1.31;78728.051
1997-05-09;2.698673;1.0287795;1.862112;1.23;79175.856
1997-05-10;4.1202484;1.0442713;1.8850919;1.19;79619.774
1997-05-11;3.2678233;1.0349541;1.9435034;1.21;80065.478
1997-05-12;3.7371436;1.0400735;2.0042674;1.24;80505.03
1997-05-13;5.6146546;1.0608082;2.035845;1.18;80939.805
1997-05-14;4.0414657;1.0434067;2.0352281;1.14;81376.552
1997-05-15;2.705945;1.0288582;2.0169867;1.17;81821.994
1997-05-16;5.1795086;1.0559661;2.0070757;1.14;82273.539
1997-05-17;5.7380761;1.0621857;1.9835573;1.15;82720.28
1997-05-18;2.8697228;1.0306313;1.9624978;1.12;83166.649
1997-05-19;3.509128;1.0375832;1.9928587;1.09;83627.587
1997-05-20;3.3100495;1.0354137;2.0489876;1.14;84101.093
1997-05-21;3.2426096;1.0346798;2.0788968;1.1;84566.445
1997-05-22;1.822232;1.0193432;2.0651261;1.06;85016.205
1997-05-23;2.0426352;1.021708;2.0418913;1.07;85458.405
1997-05-24;3.5783956;1.0383391;2.0351521;1.08;85900.401
1997-05-25;2.4597357;1.0261984;2.0496704;1.11;86342.222
1997-05-26;1.7334017;1.0183916;2.0382565;1.18;86779.953
1997-05-27;2.9663542;1.031679;2.032893;1.17;87224.537
1997-05-28;3.1857339;1.0340613;2.0642654;1.19;87682.537
1997-05-29;3.5490743;1.038019;2.1075878;1.12;88146.755
1997-05-30;3.8221033;1.041003;2.1351166;1.1;88609.838
1997-05-31;4.3958285;1.0473013;2.1493296;1.16;89066.814
1997-06-01;4.0853668;1.0438884;2.1637487;1.15;89519.526
1997-06-02;2.7426515;1.0292553;2.1863456;1.18;89975.75
1997-06-03;3.1678266;1.0338666;2.213694;1.27;90438.25
1997-06-04;4.5453637;1.0489491;2.2080604;1.23;90905.358
1997-06-05;2.6244465;1.027977;2.1761706;1.2;91376.039
1997-06-06;1.7821831;1.0189141;2.1405802;1.24;91844.433
1997-06-07;3.1265057;1.0334176;2.1253669;1.21;92316.685
1997-06-08;2.1985485;1.0233842;2.1323261;1.17;92798.634
1997-06-09;3.2100446;1.0343256;2.1823982;1.19;93278.812
1997-06-10;3.6280011;1.0388807;2.2514709;1.22;93748.853
1997-06-11;2.2943283;1.0244153;2.2825491;1.19;94215.643
1997-06-12;1.3412478;1.0142014;2.2511962;1.17;94686.489
1997-06-13;2.1116434;1.0224496;2.1936011;1.22;95158.307
1997-06-14;1.5920456;1.0168793;2.1126285;1.27;95629.674
1997-06-15;1.1047047;1.0116823;2.030674;1.22;96096.805
1997-06-16;2.3111539;1.0245965;2.0070654;1.22;96552.758
1997-06-17;2.4254137;1.0258281;2.0400311;1.2;96999.266
1997-06-18;-0.064522747;0.99932185;2.0792983;1.17;97445.676
1997-06-19;-0.088754987;0.99906729;2.1113289;1.27;97895.667
1997-06-20;1.2757016;1.0135028;2.1269521;1.39;98344.384
1997-06-21;0.36315243;1.0038254;2.1090216;1.35;98776.091
1997-06-22;0.82087616;1.0086678;2.071853;1.34;99178.145
1997-06-23;0.82521513;1.0087139;2.0210855;1.34;99559.421
1997-06-24;-1.3287511;0.98612696;1.9776121;1.32;99935.131
1997-06-25;0.13737735;1.0014454;1.9546182;1.31;100322.97
1997-06-26;1.1148796;1.0117905;1.9266696;1.22;100726.49
1997-06-27;0.51207794;1.0053984;1.9176629;1.2;101136.37
1997-06-28;1.4243174;1.0150876;1.9534541;1.27;101536.76
1997-06-29;-0.96431751;0.98991262;1.9681231;1.2;101918.08
1997-06-30;-2.5156907;0.97389736;1.950932;1.13;102295.95
1997-07-01;-1.7553326;0.98171411;1.936552;1.14;102684.34
1997-07-02;-1.1907878;0.98755839;1.9202985;1.2;103073.35
1997-07-03;0.11114739;1.0011693;1.9158432;1.18;103453.6
1997-07-04;-1.0296395;0.989233;1.9219499;1.18;103830.86
1997-07-05;-1.1681707;0.98779325;1.9343064;1.16;104209.31
1997-07-06;-1.6207596;0.98310409;1.9591469;1.19;104589.25
1997-07-07;-0.70809306;0.99258293;1.9747354;1.23;104975.9
1997-07-08;-0.22466528;0.99764071;1.9219224;1.26;105365.95
1997-07-09;-2.8449677;0.97053162;1.8449672;1.23;105752.47
1997-07-10;-3.3211098;0.96568524;1.8220547;1.15;106134.6
1997-07-11;-1.8542552;0.98069361;1.8361644;1.11;106522.83
1997-07-12;-2.9604884;0.96935357;1.8453931;1.17;106923.12
1997-07-13;-2.6824063;0.9721918;1.8206661;1.2;107333.53
1997-07-14;-0.16026134;0.99831647;1.7975812;1.15;107748.71
1997-07-15;-1.5465132;0.98387181;1.8103145;1.15;108154.44
1997-07-16;-3.4037885;0.96484617;1.8418702;1.15;108550.15
1997-07-17;-3.0661472;0.96827734;1.8834911;1.14;108948.75
1997-07-18;-3.0771754;0.96816508;1.9222245;1.07;109359.25
1997-07-19;-3.0509647;0.96843191;1.9311489;1.11;109776.73
1997-07-20;-3.6754664;0.96209416;1.9148262;1.19;110194.55
1997-07-21;-2.2892021;0.97621921;1.9132705;1.2;110606.21
1997-07-22;-1.3985917;0.98540313;1.9507648;1.15;111010.19
1997-07-23;-1.6945783;0.98234139;2.0062851;1.17;111406.75
1997-07-24;-0.11955555;0.99874381;2.0621609;1.22;111796.55
1997-07-25;-1.1563669;0.98791585;2.0947249;1.21;112186.07
1997-07-26;-0.25427998;0.99733013;2.0913022;1.19;112576.54
1997-07-27;0.42287579;1.0044559;2.059684;1.21;112969.48
1997-07-28;-0.20500799;0.99784692;2.0172306;1.13;113375.25
1997-07-29;-0.65275576;0.99316058;2.0278098;1.16;113793.35
1997-07-30;-1.1663912;0.98781173;2.1126486;1.26;114206.37
1997-07-31;-0.7128238;0.99253356;2.1944485;1.19;114605.97
1997-08-01;-0.24271739;0.99745138;2.1931542;1.16;114988.22
1997-08-02;-1.5447758;0.98388978;2.1437001;1.17;115359.87
1997-08-03;-2.0852061;0.97831522;2.0772019;1.18;115736.79
1997-08-04;-2.058584;0.97858909;2.0295682;1.12;116127.75
1997-08-05;-1.3507549;0.98589886;2.0328643;1.18;116533.49
1997-08-06;-0.89441457;0.99064042;2.0544343;1.19;116946.95
1997-08-07;-1.1439585;0.98804474;2.0533069;1.15;117359.66
1997-08-08;-1.2997064;0.98642814;2.0320681;1.18;117766.64
1997-08-09;-1.4071361;0.98531461;2.0067883;1.13;118168.51
1997-08-10;-1.8203752;0.98104301;1.9930065;1.13;118571.96
1997-08-11;-2.5521726;0.97352388;1.9821866;1.14;118986.56
1997-08-12;-2.6022375;0.97301158;1.9671076;1.17;119411.69
1997-08-13;-1.1116661;0.98838025;1.9695794;1.14;119837.44
1997-08-14;-2.1474435;0.97767527;1.9826566;1.12;120259.58
1997-08-15;-4.6632485;0.95215422;1.9865383;1.16;120685.32
1997-08-16;-3.4045935;0.964838;1.9970522;1.12;121118.96
1997-08-17;-3.5153568;0.96371506;2.0185041;1.13;121563.82
1997-08-18;-4.0196919;0.95861853;2.027805;1.1;122014.41
1997-08-19;-3.4615271;0.96426064;2.0137056;1.07;122460.57
1997-08-20;-2.9252998;0.96971226;1.9987602;1.06;122899.92
1997-08-21;-3.40307;0.96485345;2.0045172;1.07;123334.46
1997-08-22;-3.5417041;0.96344814;2.0501032;1.07;123771.21
1997-08-23;-1.0663431;0.98885134;2.0691892;1.11;124218.8
1997-08-24;0.96151372;1.0101604;2.0360279;1.07;124671.11
1997-08-25;0.41155475;1.0043364;1.9998321;1.09;125123.95
1997-08-26;-2.5235547;0.97381684;1.9861471;1.05;125577.3
1997-08-27;-1.5559985;0.9837737;1.9813101;1.09;126019.26
1997-08-28;0.015830907;1.0001665;1.9719774;1.11;126436.38
1997-08-29;0.42350972;1.0044626;1.9627766;1.13;126834.23
1997-08-30;-1.2160594;0.98729603;1.9649529;1.11;127234.86
1997-08-31;-1.7520177;0.98174833;1.9717798;1.11;127642.43
1997-09-01;-0.95539442;0.9900055;1.9307557;1.09;128050.08
1997-09-02;-2.366286;0.97542837;1.860081;1.05;128450.81
1997-09-03;-2.1053941;0.97810759;1.8205063;1.12;128844.8
1997-09-04;-2.3224723;0.9758778;1.8169743;1.12;129240.58
1997-09-05;-1.8574162;0.98066102;1.820443;1.12;129634.7
1997-09-06;-1.7129149;0.98215203;1.8193751;1.11;130017.9
1997-09-07;-4.1297052;0.95751038;1.8362799;1.05;130392.4
1997-09-08;-2.9217605;0.96974835;1.835515;1.04;130764.99
1997-09-09;-3.8951034;0.95987504;1.82947;1.05;131146.91
1997-09-10;-5.1775012;0.94702008;1.8176763;1.1;131550.6
1997-09-11;-2.9888986;0.96906407;1.7870951;1.13;131976.87
1997-09-12;-1.7578376;0.98168826;1.7508812;1.16;132401.68
1997-09-13;-2.3594295;0.97549868;1.7364777;1.1;132806.71
1997-09-14;-2.5796004;0.97324319;1.7272401;1.04;133192.16
1997-09-15;-2.6614047;0.97240649;1.6857647;1.04;133562.52
1997-09-16;-3.7040195;0.96180538;1.6663719;1.0;133932.63
1997-09-17;-4.2410991;0.95638963;1.6949564;0.974;134314.95
1997-09-18;-2.0375505;0.97880552;1.7252188;1.0;134717.63
1997-09-19;-2.2285147;0.97684229;1.7412361;0.953;135139.71
1997-09-20;-3.0583512;0.96835671;1.7535921;0.998;135567.13
1997-09-21;-1.8319773;0.98092334;1.7560773;1.02;135987.49
1997-09-22;-3.2065652;0.96684891;1.762723;0.978;136414.24
1997-09-23;-4.2097178;0.95670523;1.7790564;1.0;136862.98
1997-09-24;-4.3020918;0.95577653;1.7834812;1.0;137328.7
1997-09-25;-4.150086;0.95730523;1.7897654;0.973;137793.81
1997-09-26;-2.1726922;0.97741577;1.7969879;0.976;138255.34
1997-09-27;-2.6971708;0.9720409;1.7863499;1.0;138719.46
1997-09-28;-4.3821183;0.9549727;1.7808388;0.986;139181.74
1997-09-29;-3.4836196;0.96403669;1.7802958;0.986;139635.6
1997-09-30;-2.7776837;0.97121842;1.7843107;0.974;140088.4
1997-10-01;-3.1220148;0.96770876;1.8104497;0.964;140554.06
1997-10-02;-3.2500216;0.96640726;1.8362955;1.01;141038.17
1997-10-03;-2.8238755;0.97074687;1.8389394;1.04;141540.59
1997-10-04;-2.4540307;0.97452892;1.8343246;0.996;142053.06
1997-10-05;-2.9183731;0.96978288;1.8625465;0.976;142565.48
1997-10-06;-3.4516074;0.96436121;1.9104945;0.974;143082.65
1997-10-07;-3.5398991;0.96346643;1.9547059;0.979;143609.28
1997-10-08;-3.5743676;0.96311734;1.9525984;0.977;144147.85
1997-10-09;-4.80976;0.95068867;1.9051087;0.986;144697.96
1997-10-10;-5.5556785;0.94326214;1.8545794;0.986;145259.31
1997-10-11;-5.2233343;0.94656384;1.8217857;0.936;145843.86
1997-10-12;-5.5163085;0.94365266;1.8167844;0.983;146449.01
1997-10-13;-5.1239468;0.94755345;1.8194299;0.978;147065.78
1997-10-14;-3.5976522;0.96288159;1.816943;0.957;147695.86
1997-10-15;-4.5240793;0.95354843;1.7883892;0.934;148335.4
1997-10-16;-3.7941042;0.96089486;1.7563809;0.951;148970.56
1997-10-17;-2.2629695;0.9764885;1.7305839;0.932;149599.79
1997-10-18;-5.6783838;0.94204603;1.6950943;0.88;150240.67
1997-10-19;-6.3617789;0.93530164;1.6603656;0.908;150900.61
1997-10-20;-5.5259738;0.94355677;1.6677553;0.932;151564.8
1997-10-21;-6.1325257;0.93755873;1.7079682;0.922;152210.34
1997-10-22;-5.4447909;0.94436248;1.728248;0.91;152838.45
1997-10-23;-5.5739387;0.94308107;1.7043513;0.935;153463.76
1997-10-24;-5.4053806;0.94475386;1.6517549;0.915;154084.29
1997-10-25;-5.0009264;0.94877982;1.6037632;0.907;154694.66
1997-10-26;-6.683844;0.93213996;1.5629532;0.925;155298.74
1997-10-27;-6.5348527;0.93360126;1.5336136;0.953;155904.46
1997-10-28;-5.9075736;0.93977876;1.5136125;0.98;156510.48
1997-10-29;-6.8771251;0.93024767;1.4858783;0.991;157119.15
1997-10-30;-6.735234;0.93163646;1.4588354;0.998;157749.01
1997-10-31;-7.8574318;0.92070912;1.4611829;0.987;158404.86
1997-11-01;-7.1482741;0.9275995;1.4683293;0.945;159064.52
1997-11-02;-6.7317978;0.93167011;1.464172;0.95;159718.85
1997-11-03;-4.7678252;0.95110791;1.4555549;0.973;160371.94
1997-11-04;-5.8051765;0.94079105;1.4305166;0.949;161016.13
1997-11-05;-7.9268158;0.92003772;1.4124145;0.957;161651.0
1997-11-06;-5.4577267;0.94423405;1.3948609;0.976;162285.66
1997-11-07;-4.3150954;0.95564587;1.3782451;0.931;162928.43
1997-11-08;-4.146863;0.95733767;1.3805074;0.91;163574.24
1997-11-09;-4.9333971;0.94945368;1.4026833;0.911;164209.09
1997-11-10;-2.931695;0.96964706;1.43672;0.899;164832.75
1997-11-11;-3.6076457;0.96278042;1.4764699;0.9;165459.97
1997-11-12;-3.8473885;0.9603567;1.5083636;0.863;166095.9
1997-11-13;-2.0960206;0.97820399;1.4981076;0.863;166730.91
1997-11-14;-4.090656;0.95790357;1.4749723;0.869;167370.28
1997-11-15;-3.2144724;0.96676853;1.4621548;0.898;168009.74
1997-11-16;-2.5902614;0.97313411;1.4497204;0.886;168641.07
1997-11-17;-3.5119151;0.96374994;1.4658156;0.903;169269.71
1997-11-18;-3.122994;0.9676988;1.5116169;0.9;169896.71
1997-11-19;-3.47564;0.96411757;1.5351846;0.894;170510.76
1997-11-20;-1.6524382;0.98277671;1.521264;0.946;171103.82
1997-11-21;-1.6220598;0.98309065;1.5235084;0.921;171693.36
1997-11-22;-3.2661202;0.96624371;1.5386793;0.917;172294.68
1997-11-23;-1.3843285;0.98555091;1.5446978;0.958;172907.11
1997-11-24;-3.2045322;0.96686957;1.5354966;0.961;173517.96
1997-11-25;-4.2611772;0.95618776;1.5014591;0.95;174123.18
1997-11-26;-3.7314338;0.9615282;1.4488831;0.935;174742.68
1997-11-27;-2.0696035;0.97847572;1.406335;0.979;175381.33
1997-11-28;-0.74288312;0.99221993;1.3961903;0.904;176025.42
1997-11-29;-2.0797356;0.97837149;1.3966178;0.89;176669.06
1997-11-30;-1.2173233;0.98728291;1.4018223;0.919;177304.28
1997-12-01;-1.9881062;0.97931448;1.4085582;0.87;177927.56
1997-12-02;-4.6850907;0.95193559;1.4030655;0.881;178548.03
1997-12-03;-3.5296557;0.96357019;1.3869883;0.887;179167.22
1997-12-04;-5.2027872;0.94676834;1.3567131;0.857;179783.78
1997-12-05;-4.3523065;0.95527207;1.3409976;0.891;180400.9
1997-12-06;-2.8688724;0.97028773;1.3462699;0.889;181023.59
1997-12-07;-3.4343803;0.96453589;1.3504414;0.858;181665.3
1997-12-08;-4.9975293;0.94881371;1.3561722;0.864;182323.31
1997-12-09;-5.3458237;0.94534561;1.3420783;0.881;182973.17
1997-12-10;-4.8608917;0.95017773;1.3145777;0.867;183609.75
1997-12-11;-4.8798998;0.94998786;1.3018815;0.897;184238.95
1997-12-12;-4.5886527;0.95290127;1.3111574;0.893;184864.67
1997-12-13;-4.2752555;0.95604624;1.3196299;0.875;185498.08
1997-12-14;-4.5607582;0.95318078;1.3128964;0.893;186136.26
1997-12-15;-4.6309906;0.9524772;1.3089355;0.909;186768.06
1997-12-16;-3.8899929;0.95992662;1.3109093;0.845;187399.44
1997-12-17;-2.8276267;0.97070858;1.3012641;0.854;188040.65
1997-12-18;-1.4834392;0.98452448;1.2994603;0.888;188691.78
1997-12-19;-2.8133703;0.97085409;1.3143542;0.845;189351.99
1997-12-20;-1.4969008;0.98438515;1.3357447;0.828;190019.23
1997-12-21;-1.0788992;0.98872081;1.3515675;0.824;190677.83
1997-12-22;-2.0876166;0.97829043;1.3486793;0.86;191311.81
1997-12-23;-3.3052008;0.96584677;1.352306;0.841;191916.12
1997-12-24;-2.9320072;0.96964388;1.3596366;0.871;192517.89
1997-12-25;-3.4034082;0.96485002;1.3520468;0.879;193148.83
1997-12-26;-2.3043455;0.9760638;1.3571223;0.841;193818.6
1997-12-27;-2.2370259;0.97675488;1.4042431;0.847;194512.61
1997-12-28;-1.6412828;0.98289198;1.4729796;0.86;195200.48
1997-12-29;-2.2791822;0.97632206;1.5121705;0.882;195871.34
1997-12-30;-3.6249806;0.96260497;1.5059807;0.872;196544.33
1997-12-31;-1.7453675;0.98181697;1.4800475;0.884;197238.02

