X1,X2,X3,X4,X5,X6,X7,Y
1.86968215958248,1.13836516133066,-3.12563585597025,B,-1.0041345470192,-0.306244622935111,4.63723258384834,-18.76312076504
-0.30405060926634,0.0602603030885287,-0.390382623147602,B,0.565397507658931,0.50574610530158,2.4841377483688,-53.5630439275489
1.65029224812127,-4.16205778000407,-2.6183122609107,B,0.895907218913576,0.11230563510921,3.55577215778398,-53.2251189508294
5.75039588597424,-5.19621047537572,-3.003478424233,B,-2.48451981182444,0.369523880627769,2.73461372146471,-310.300947478551
-3.25139920608938,2.10721893701014,1.32403756365609,B,0.716622671752641,-0.116109406746959,4.09951825664287,-18.7951786473825
3.78429657631538,-3.24991665588448,5.79910586179458,B,0.0449038682989997,-0.210241632657729,4.87665403439799,-116.303304766513
-1.01345644476794,0.995262410527946,-0.889244296384838,B,1.40784564658549,0.66155622210294,2.10931735236729,-65.9566046496266
0.00603223607388389,0.346591502514716,0.745865372172822,B,-0.237233097880883,0.604579325829203,2.17431380642171,-66.5277117784173
-0.937204460738985,1.14862857213379,-1.46767488039937,A,-0.960077224614719,0.649924540862498,2.21040856480835,435.007428448311
2.65633269571342,-3.80005441542646,-0.0472162213464137,A,1.56372927911749,-0.385408635267466,5.32482417490498,458.158600795667
0.150522275923408,-0.652857027093625,-3.1522168951118,A,0.520918298155298,-0.504212816202617,5.5860088042184,542.527861589123
-1.80082531428007,1.59091427924482,3.56136189373207,B,-1.168902729439,0.16568940213991,3.11463458822282,-20.4560956544102
-3.15804340508354,2.8680014631211,-0.8242380530962,A,0.144968590465414,0.151404376119783,3.60688214173263,457.051281291257
-0.259264533173928,0.001582693746152,-1.96384579908512,B,-0.51913259564043,0.710537856020513,2.05824079583958,-74.4514433869503
-4.88399336048861,3.86880497649129,-1.12215779406471,B,0.988713335767204,0.179896469866453,3.58069628953676,-108.52412918468
-4.36211292808098,4.5853391197814,-3.23912814244312,A,1.34280747910315,-0.150347431741625,4.62720992769817,447.336877259513
-1.93582480290898,4.90663724564571,-3.57752672076823,A,-1.13749638868205,-0.345324094195188,4.73656160461433,529.44888752777
0.549131184103112,-1.62353880995451,-1.99886997331752,A,1.21902788628778,-0.692767961928341,5.97626930763674,554.89852060735
-4.00237793404575,4.16838020707867,-0.0562320993656731,A,1.31203403441867,-0.531683886239805,5.92987555335293,499.055152792501
2.93587173840013,-4.69485434168381,2.01810720186497,A,0.672280469396584,0.144604908386061,3.58713204641081,392.633938701295
-2.9762073355178,3.32998393456874,-3.89483841975077,A,-1.26829556068961,-0.491519223255965,5.46647464704669,525.540852231369
1.87309021639668,-2.17043756254618,0.865108145035215,B,0.669366794700828,-0.246109472716982,5.05970168746989,-25.0846347442437
3.53227189886036,-3.36375639635454,-0.190254706360613,A,-0.00851066925069346,-0.0225491751457973,3.95997690855962,378.928818590664
-1.77139029037754,1.26633655743208,0.235001602720293,A,-0.21334974086259,-0.608952574997227,5.6522661049108,557.178976935745
5.1482006654169,-6.56599836785048,2.90707852865469,A,2.14264708052833,-0.90078095123276,6.93540422172951,363.147149068469
-3.2110653750465,3.32985947600816,-2.3645346495055,B,1.88120197545198,0.212448988974374,3.3152205049749,-50.4228268716715
-0.291662697522213,-0.234721299235054,0.193237884324171,B,-0.688463776401402,0.360952760579676,2.91652171885098,-39.1363603890612
-4.30508275274946,3.81690377848941,-0.86132527307722,B,0.498270421253573,-0.312874483313335,5.03212064214057,-34.2468896387473
4.18406422649304,-3.99710415683361,-0.850575695815974,A,0.366823384460326,-0.645631759641321,6.09253984509872,403.416001908282
0.871548111033441,0.975286202555633,1.4420153387182,A,-0.694142371499305,-0.0495003603948571,4.34555221429198,483.828874707763
0.0664732167524755,-0.967456965603956,-1.4300378168712,B,-0.453951481903157,0.682410654224713,2.09134123893709,-75.1132512023353
1.14929451508289,-1.85190181802083,-2.72975649245433,A,-0.10880557427259,-0.160809582396268,4.48768772164553,488.369481804433
4.45671472427315,-2.69661396181603,3.81375425102601,A,2.2374800716549,0.0209485198455213,4.15192030999376,319.184139689825
-1.47475189663413,0.763742049435584,-2.48863802480596,A,0.109413231216137,-0.137787410094678,4.53988836595907,512.344528359443
-3.08322069470792,2.37158877296701,-3.38258377611929,A,-1.04669592269966,0.379033847670146,2.52431254732793,435.976629619302
0.923004123932641,0.957518445592551,-1.36843160355216,B,0.684308317322659,-0.0909493074294989,4.23171010714,-13.0702020245079
3.58160711807241,-2.11445957499657,-4.77379908218403,A,1.07684306031758,-0.370830340782777,5.23006183071046,411.106363643204
1.33562890160768,-2.50742030581498,1.34671825831379,B,-0.0543868507840658,0.0887485857238576,3.62079891086469,-41.6960059131299
2.50549784540381,-2.36258728646693,-2.61926025596726,B,0.258186117206643,1.96381079980106,-2.34133488827119,-269.966671821555
-4.04221838260657,4.41499960339285,0.897531632136186,B,1.4879680138324,0.0758101450465214,3.8562428355491,-63.0801256220282
0.999656708230964,0.038321654346209,-1.26448052208437,B,0.478860683139854,0.330434644507311,3.17488542205582,-57.0297244527236
-0.159900964419543,-1.60787742318591,0.952901590482912,A,0.22919633052231,-0.0143060088867775,4.12122135733788,497.387547007967
-4.27515816248603,6.14418613759536,0.906943227658073,A,-0.962348488802721,0.329741374282976,2.61188682678496,402.699203827447
-3.43526248474231,1.94372141765589,-0.213589965656238,B,-2.38490594135132,-1.00309705679862,6.74041309769219,64.7280968537495
2.58893191072651,-1.88620676865676,-0.864095282500391,A,-0.719896927466088,0.0700106273785511,3.56131503720294,415.724563985866
2.16939899488939,-1.61238533043746,2.59519965033706,A,-0.741196504150189,0.562388894535676,2.29015634111469,383.368786204957
4.76828908959832,-6.46105288109554,-0.946261424226626,B,-0.208004304972983,-0.480376269771269,5.36964943112194,-151.666607848451
3.59497930179079,-3.47861138554379,-2.44140511171785,B,-0.19295262341069,0.431742984692883,2.63388357851774,-169.949361704737
1.3536097496379,1.10158191473772,-1.35556682912141,B,0.602978259980348,-0.0975588293854718,4.10097178046424,-23.4077301804355
0.185444537049834,-0.8531574456917,0.865897787165085,B,1.2796084307941,0.136678018864185,3.78415196826492,-22.0363379178435
-5.8134562131179,5.50397871105419,0.760294846171415,A,0.611082579871263,-0.0155907465010117,3.72207638622575,362.49409789427
-2.35664925865506,3.20356221044342,0.0868886192804687,A,-0.511956057392426,-0.0960871064330397,4.19251000153268,498.506877513487
0.650148275568547,-1.06471058971628,0.109210489440619,B,-0.392881527025452,0.607653323022578,2.13377050266562,-76.9663173759548
-0.1350483630734,-0.26590284650135,-6.0466177031893,B,1.0388666710102,-0.194743623317411,4.62011868370645,14.9980938485736
-2.49393310757444,3.50194900774113,0.810072340278492,B,1.01810459927219,0.775735058284864,1.73769041637971,-90.9212237928172
1.35727522903993,0.0791391549906548,-2.82161020876906,B,0.6754247687554,0.224391175725908,3.25975034148517,-55.7583778813676
1.78961089477537,-2.07028911160465,0.755215628239939,A,0.163897223609258,0.281206426160027,3.15796758783337,425.308100250308
6.31223333861735,-4.78371250387942,-0.842691681022968,B,-0.40552247822182,0.0167020143325569,3.90838594102603,-322.478750083252
-1.58354201191963,1.96550658792815,-0.270930772059019,B,0.837896065325499,-0.637694483793178,6.09382438584851,61.6360243886247
-5.74762609158184,4.79745722997656,-0.759959152079643,A,0.541883579634822,-0.0835952763826461,4.16020649266103,373.180375337164
3.02591609463135,-4.0797836065906,2.95099437236082,A,0.390354875839567,-0.440065734681737,5.37793263180807,446.810474775295
2.35387802303164,-3.74327606967363,3.24151343810007,A,-0.38929367157733,0.454882383384427,2.42381731920752,387.121703921213
-3.14574995070344,2.1639030533569,-4.01236346629449,B,-0.698533854557529,-0.379549535254617,5.04013111835805,10.2088147256923
3.81746725658848,-5.64148975603173,-2.43104066995496,A,0.213669246033708,-0.100100589070739,4.41369587704776,370.862916598717
6.75014043868316,-5.62159717779879,-0.72638934444385,B,2.07324386095656,-0.524473392401147,5.19282920205816,-307.953300323783
-0.0200113983117461,-0.288016064204981,0.805402481878032,B,-0.290950850993151,-0.435652981583867,5.17343058007429,37.8229752087325
-0.592731816666864,0.448930085609203,-5.13661328378752,B,0.089307074586137,-0.271517673710222,5.03594750119121,26.2282030101194
2.99213964772279,-4.57852043897228,0.740370930295482,A,-0.690951505830908,0.0170481395277041,4.26496768306817,402.643292901005
1.09489837770258,-2.94632303120316,-0.843790427047087,A,0.747111347858834,0.127719706942474,3.607919476334,460.963163911879
0.442038553943654,-0.534959060528119,-0.701110502400707,A,1.22254341630384,0.895019198169622,1.70270912541736,397.922254151963
-6.93893963791719,5.1948902349868,2.90090646714047,B,-1.52952430124216,-0.821540606340231,6.47468166724823,-129.563574058942
1.30877939756743,0.637195696248889,-1.35357755031398,B,0.174805993382585,0.394980961930913,2.68248291206111,-71.4652525875521
1.44962635138737,-1.99363318372097,-0.821530014125426,A,-1.89943920290097,-0.871699796651251,6.82221983212148,551.174510659662
6.28392883418019,-7.36303728227746,-4.5670639744462,A,-0.684704422956154,-0.18799482990795,4.39944948840205,200.338643049934
-2.64677064714474,1.51354925974827,-2.21624234257597,A,1.16159339502314,1.18900884947476,0.31940537008388,364.769620899196
-1.02539351676458,0.883642393880337,1.61146528402309,A,-0.841197111075539,-0.244423538169521,4.61717507483938,524.300363684647
-1.59897284274734,1.50474555132097,1.93747118596359,A,-0.780182907716234,-0.203298838258121,4.54663179177333,518.081364023432
0.621693934075949,-0.184495857780076,-0.492775326965806,A,1.91636478987815,0.285498660436197,3.03831190870829,455.839066376551
1.7165290704532,-0.390559873628753,0.578777221879819,B,0.253480013433395,-0.214739893691903,4.52838926857395,-22.8006294423002
-2.06932071769292,1.67931865511348,-1.09939592160108,B,-0.208376004096267,0.286406441688866,3.3445695900722,-35.5787306867928
0.700715215283377,1.3495066440088,0.600488422069266,A,0.0739439470157389,0.481762632259491,2.50637910074743,434.570452000014
-2.42223332856636,3.14797927948195,-0.239053161593844,B,-0.286467502652819,0.0263060999971992,3.81654052525868,-14.8404027180623
5.12059663971043,-5.89370271202135,-0.536165762761707,A,0.730237451452235,-0.111788508663171,4.01400431274087,286.467679029596
-5.45570811898754,7.56487738043405,-1.03547155186713,A,2.05987994560888,-0.357861382512894,5.28939581297714,416.569118386086
-3.37950265893095,1.33523463602335,-0.633508523915849,A,-0.398720372204284,0.373841151702334,3.18360900917141,428.641019089412
3.56714905457509,-3.43114582763477,-2.9614736176935,A,-0.982211792790796,0.559252387592344,2.54190398082985,318.959314744731
3.57951135462928,-5.28074939786886,1.63788607508064,A,-2.06631302026251,-0.246920630825653,4.43458135141868,398.85761975622
-0.461994998073314,0.223928615644967,-2.19536366844304,A,-1.45177767542563,-0.326920735987961,4.96180919677534,531.010558088422
-2.10893579441761,3.39123972028199,0.187604685742028,A,-0.0535996190371636,0.928471694106362,1.45068676975386,399.81432387211
2.01945345628589,-2.10371504960885,-0.643829295984154,B,1.28025119948813,0.903006141381954,1.59830349918007,-145.009722082096
-3.45807665438933,3.10743628936794,-1.59513321840479,A,-1.2181200867344,-0.37628393825839,5.21656201296694,501.462075155296
3.35515916190942,-3.29034164901584,0.70318160777952,B,-0.345003870474337,0.164158043302912,3.72149512231636,-130.171589764748
-0.481205407959198,1.00078169007183,2.62153048401467,B,-0.0952510081524804,-0.147031231437259,4.44061580096099,13.1845324071333
0.907546574880002,-0.438557510533942,-0.463324776659892,B,-1.78753281260431,0.628167572205402,2.16631062386439,-84.3595495766372
1.57692514537261,-0.411774718130274,0.907398453839912,B,0.853533100834437,-0.978818910789153,7.25110544537941,58.0206806383968
0.091165421725283,0.337279249972894,-1.3128662062222,B,0.328303986315399,-0.135607278449932,4.34129804184517,6.36254270962063
2.50429699009411,-2.52249971720636,1.22684953833033,A,-0.917745790463468,-0.914670918570533,6.513557805081,517.721940406166
6.67499990000663,-6.15337662811913,-0.265150564776759,B,0.824620531707487,-0.199526831816567,4.4845022681397,-333.512282514584
-1.43805704715265,0.612537784672096,0.0893826584168109,B,-2.29579083576473,0.143418552114221,3.59588514629419,-15.5064437686885
-4.12286245397961,4.37484561224485,1.80177116392348,A,-0.0763920819706511,-0.220143899042508,4.4091030329743,463.340994083965
-4.3080072626901,4.68617745734916,-0.158551654937694,B,-0.648010644887787,-1.14500295345033,7.66220127644026,48.698501664642
-2.11926727366905,3.61503326104594,-0.89905391339805,A,0.581644523729841,-0.310298737249663,4.9724332096441,523.445652543304
2.41552905295398,-1.7803689330432,-3.43045571521875,B,0.603516077222022,0.459573106999963,2.69938283551016,-115.959282240099
0.25713734539869,-0.725522544617088,0.081712966033565,B,-0.970454255491344,-0.0899920254833632,4.53223718302405,-0.507677031822394
3.63590318389655,-4.71516934888949,-5.3144094532923,A,-1.51962119249046,-0.150145975791733,4.39651535978107,385.957199134479
3.37627131478946,-3.62308404089504,-2.30336116206606,B,-0.703629970838765,0.289973915390483,3.02402056726276,-143.737649644793
-1.09388560119301,2.95145133509789,1.37353920210809,A,0.275466215840221,-0.097755763928805,4.40072946420687,509.754477418102
-4.41788194684695,6.32525183138207,0.733437317322893,A,-0.382035689537242,-0.164866558535418,4.50237602395485,446.499430585675
-7.70460429679683,10.5874852821563,-0.209777484015757,B,-0.808802307387206,0.479189614989346,2.84103541630058,-317.609271697502
-0.0257719528631349,-0.31063258352292,-0.124389123266458,A,0.862489312836237,0.158946644576901,3.72811593347448,478.380785327481
-0.563097759468722,-0.19469518584642,0.662144309293333,A,-1.27835282995113,0.0307118118834896,3.8880951887737,495.802662634048
2.12663926896891,-1.2407472630869,0.635372698291536,B,-1.40324070344692,0.15759945734413,3.6440446687156,-74.3362715225806
-0.786440510930651,-0.311122136368252,-2.15540336045298,B,-0.468300753062677,0.0796101993382553,3.69324270911994,-8.12576588234107
11.6064750444827,-10.8680458242264,0.416761463978194,B,0.187690152451306,-0.823383272140436,6.25565007586622,-871.151702484231
4.20886204515885,-4.21346438070318,5.29812889288872,B,-0.750514220709143,-1.13934538836768,7.16318999093012,-48.9464354507192
-2.50372411733187,2.16385494251277,0.396309492375088,B,0.205620729801016,-0.398275907444402,5.21458453197594,26.3076104690552
1.73622688567811,-2.56001375059182,0.690029442486709,A,-1.74905589615149,-0.548446782035362,5.46271376012577,509.753837955303
5.85818670606976,-5.5905185286668,3.354000085432,B,0.658846634570231,0.0485272370120539,3.98539828021982,-287.227898945863
-5.83452525935008,9.25411446491024,-2.82219249687785,B,-1.04475897002524,0.496444503785818,2.65398809367561,-189.805273469126
-2.47892030868884,4.23827533079497,-4.36445302152781,B,-0.783455498357101,0.482096978453101,2.46285238376869,-61.3981801283853
4.41012920226609,-4.60144043090446,-0.466133214686017,A,-1.00638784780098,0.584800362712044,2.54733736163922,265.75830428531
2.4494345173292,-3.90275558898462,0.582769784559728,B,0.299240902591833,0.73542929808202,1.79826823921838,-144.997716061806
-3.12085661956315,3.09222707311092,-2.32578177238618,B,-0.241135689766291,-0.58173952798688,5.46783194274538,31.0888273986259
2.07147951721878,-4.67498897837727,-1.29935307920479,B,1.70144382251704,0.951135190126938,1.1559420897356,-151.672501475177
0.202966066657218,1.73870131175032,-0.8226185220564,B,-0.0783585189415067,-1.39459677454148,8.04245567167858,130.929489068345
0.475110952492217,-0.457734022852406,2.29158069460329,A,-0.868917075101238,0.35509341708311,2.85053634573552,451.389576028524
4.11918723943793,-5.5826929318269,-1.4220466372431,B,-0.622385929271452,-0.309866041492173,4.95341508748458,-126.129582580089
-0.991835436073447,2.7146954599164,-0.229472322272308,A,1.16806133648662,0.391683388736278,2.97519584457,460.709748273353
1.68664932378551,-1.12783665309977,1.37395503885571,A,1.11833373361577,-0.806687268086906,6.58935186434113,537.269087585472
-2.60325031689635,2.60461504412543,1.49010114888649,A,2.04889279310345,-0.231735861822985,4.5925243783819,507.801026535946
0.36093306458699,-0.986035374076396,2.22378891675185,B,0.839576622439003,0.0672330778055158,3.68549838906596,-17.7423061351585
5.35225980986982,-4.47781087850444,-0.575233739945616,B,-0.199599224268376,0.321176073278164,2.89017922597118,-274.199184349803
0.681350332097313,-1.56161716717133,-0.685523047299693,B,-0.508686155388171,-0.403675899470721,5.22901116667691,23.6974260887009
-8.68018624761297,9.05786967440176,2.07310790111073,B,2.6738910031482,0.0197923545559738,4.19178693674326,-355.95193725407
1.20728631566695,-2.30856141447087,1.47773797974217,B,2.45240650048299,0.550792069927278,2.28937409543662,-84.1069063838667
-0.027320314593997,1.05892593440515,-1.19552481979785,A,-1.06950161656927,-0.409701486320094,5.12142335973146,535.208963658398
1.71967124535428,0.0507188661388169,0.982294993173373,A,-2.86032150301042,0.251752063787055,3.41863789783246,430.538072467623
3.73249246835172,-2.99172990852194,0.839979349860912,A,-0.112194071277467,0.031127127933634,3.77577449370422,362.517223225691
-3.84020505152776,3.08379435626003,0.79731035920416,A,-0.559274894809665,-0.332281022853588,5.12571173502589,484.880486298513
2.46455644481961,-2.22637738884116,4.22611077582376,B,0.144019853769915,0.153416261333316,3.44784163100024,-87.4697902442533
-1.25135841776087,3.02351985266568,-1.21351878524477,B,0.855708311589254,-0.249801540445742,4.78565851760722,24.6487354938765
-6.06827527756548,5.96805029211121,-1.25279136171456,A,-1.64044144912286,-0.107660123703097,4.37068347445216,356.528088076722
1.0277412950432,-3.13323256495518,-0.875579333732292,B,-0.222867974784429,0.905794301479191,1.48428227741661,-115.445304743562
4.89867579057626,-5.70815291972012,-1.44180197559711,B,1.67904017339467,-0.820077907407905,7.0707072113111,-126.768777879829
2.95017281203874,-4.91573564111581,2.0449481284802,A,0.53683163108617,-0.0141814718167818,3.81234209442502,407.662433477267
-5.13646403256559,7.37051909255113,1.54047421505041,B,-0.376663297690916,0.0446265288606113,4.06420407698224,-107.164542218196
1.28943988511511,0.340457663246003,1.83970563469759,A,0.72457791163245,-0.787094870355692,6.36955463855399,547.413103328745
1.84753708821922,-2.45600593130747,0.0854665294775223,B,-0.0170792599317539,0.358641804093864,2.8123348840547,-84.6826671934463
1.16568397382208,0.478843718540082,-1.5816984929318,A,-0.982830552251155,-0.616232696555999,6.21236062780657,533.515766111465
-3.57611835347941,3.53625248238672,3.17827743135736,A,-1.88113297510049,0.247165065612883,3.56407000161337,435.461117830903
-0.730635316230167,0.666855533311884,-1.72791079432204,A,-1.17754717341588,-0.116297933573493,4.48656067609513,511.096849867784
-2.41485922081578,0.991446198779472,0.433963887681595,A,2.65597442687679,-0.10547641800994,3.97687379550617,498.685627148336
1.08916981653708,-0.265036206990631,-1.4518652057272,B,0.12069735042494,0.665388196125929,1.86090673496887,-92.5900886286991
4.12773042363183,-3.97047322451493,-2.39813645546509,A,-0.808334560550029,-0.208421494034435,4.36972491128825,362.967982651839
3.65718517194228,-3.21933756487425,-0.203311044373797,B,-0.109161397347951,-0.395581284592093,5.12321316857374,-90.6445911724042
2.02162780619682,-2.20440398923038,-4.41514057912186,A,-0.114397792106327,0.417751543654929,3.12627917088752,403.370313973354
-3.09166680279676,1.91125702635547,1.82907507186238,A,-0.0886631404031792,0.348068260812246,2.98149042173659,438.957312084703
-0.575396948950551,0.91826894197681,2.80159516606893,B,0.27172573068903,-1.08146386012591,6.93258924882413,107.090800889232
-1.56436161520402,2.68795770353768,0.287578741785111,A,-0.641785477465457,-0.181942464063912,4.78243326748193,516.219792822131
-0.433806274853982,1.91115928434582,1.06297238491183,A,-1.28715968791141,-0.186429557048023,4.72351394398381,516.771209713415
-3.98901588547314,4.80424938767466,1.32917993798916,B,1.23259381202241,-0.0287450353606922,4.57519308839388,-50.7931060062728
2.80580309835932,-4.38913868727753,1.31767898385718,A,0.703714157704666,0.827121889646833,1.46044515574719,330.311833223464
8.01765274003393,-6.9333158249134,-0.360214198552942,A,0.511207993567707,0.369824670944432,2.95414694922349,-24.8380244560748
-3.26577212499902,2.35894894108697,1.71646591450377,A,0.405503435805895,-0.250071598501016,4.5889793510273,494.123436782436
-1.023494740469,1.35387330465752,-1.35714130981683,A,0.803462665041721,-0.198972883477106,4.65585438054814,519.904305966045
0.113079981768302,0.47315076595284,-1.75882694008147,B,-0.0981934508219976,-0.539195170846122,5.63933522019968,46.5150827278053
1.73502505166024,-0.0279655975565465,-0.17169922532935,B,-1.41636097513028,-0.111879218083478,4.26878299094812,-33.5150513631093
-0.122706149079097,1.17546231242983,-1.37188681346428,B,-1.15371164260214,0.501398097973824,2.72009332329631,-54.6918736815738
1.47690744009309,-2.49398421396202,0.187259443391268,A,-1.24994175906299,-0.362575978207425,5.41988990661367,499.594234869327
2.60803386586412,-1.74692445343167,-5.52395400071151,A,-0.491175527063545,0.659146603068978,2.11462993638407,355.875831911557
0.522900382581615,-0.598035110110952,-3.00431895525409,A,0.179597910320998,-0.191583639864528,4.22080230668082,505.184532282557
1.03035926868056,-2.93576713293538,-2.42227989809799,A,-1.15736116056515,-0.0554931084002463,4.10209552478083,480.934663568109
2.38143353026578,-1.20172943539268,-0.0976893540226065,A,0.316939894868008,-0.575314876775141,5.63750474631417,489.117574242333
-3.11437073814311,2.06738713952622,2.86826382779402,B,-1.11651883525013,-0.090634825507395,4.11812951264359,-17.6780946322873
2.78625393727935,-2.98347519272996,-1.6303051811724,B,-0.487085525046968,0.134430471080795,3.34510979181189,-99.5711292579995
-2.05922089764759,1.43308812201155,3.65504264571387,B,-0.608371412704249,-0.673132526515705,6.00889435081409,60.690233024294
-0.450725546010324,0.865874117236308,-0.540018495917388,A,1.51022286891588,-0.681142984880763,6.18942568586916,566.258103513577
-2.94162980788187,2.57520545895945,3.32452576626679,A,-0.527035345137501,-0.609280404805902,5.64908044879595,538.353499770678
-3.64446971444828,4.41955594148911,-0.87017018100984,A,-0.87838459729875,0.216008733408393,2.94489197581021,436.498956924225
-3.58342105828823,5.70836154361898,-4.70915875839316,B,1.70146021950384,0.708373655484283,2.01185619550049,-110.957931521291
0.46881188608913,-1.58595328032086,3.51748511563185,A,0.268174497798285,0.455158880274446,2.61316531314966,441.464661452109
-1.65143628013057,-0.241827266185944,-0.772096785891865,B,-0.207145772231971,-0.229629417500825,4.75349862676447,20.4660503142289
2.49763007728928,-4.77657199725222,2.42512699403149,A,-0.98500755738463,-0.292278673965016,5.0008556105765,455.813229506671
0.07990722776508,-0.90250227769632,1.23335580005279,B,-0.774044860414624,-1.05616980528762,7.02635541043688,98.5472125190375
-3.04739934845789,2.01648661554373,-4.67905856476339,B,0.157522864150218,-0.608831724409504,5.7777499203209,35.7814124594893
-0.870140247949363,0.978068801962652,0.132094556541734,A,-0.434366717771376,-0.355891828910162,4.58287930278056,535.535666307672
-1.80435301409364,0.45948766666505,-0.280032319812673,A,-1.06800810448542,0.208223477112905,3.33587238002392,475.251730093052
-0.961015977862773,0.58551353625658,-1.96981072567207,A,-1.15360027396975,-0.00736318648679194,4.09292448809135,500.558362297411
5.73635607502674,-5.91917054696108,0.777904776050348,B,-1.21657924005046,-0.0601773576694203,4.1242659215382,-266.214956428536
0.319512600778139,-1.17601557594887,0.238526661198277,B,0.546251231272598,0.119783636480507,3.74254079454346,-22.4600449893198
0.0883390980849134,0.969762406806951,1.04720221518766,B,-0.718346237912249,0.660518008114344,1.99822762852587,-73.1682034358877
4.31561007290513,-7.92227506375324,-0.499750899268249,B,1.09637219729046,-0.228561355450305,4.92708179687546,-146.573442284928
-4.02308058936422,3.92925042921018,2.77049025070995,B,0.45435222566741,-0.267184528479502,4.85236428372403,-27.9722579893131
3.6686881173236,-3.08179120662396,-2.16770677443119,A,-0.344418793884601,0.612742431870746,2.19141037747028,308.020841175559
-2.49072103789671,4.08922851912178,2.14593287238463,B,1.71678314465987,-0.249852437713041,4.6033441042828,11.7420557597928
-2.62164749104057,2.68102280856286,-1.39779240629377,A,0.00910877826250525,0.264064518635299,3.47895817750917,457.848315125127
-2.23008484159487,3.30156269396722,-0.262726686392059,B,-0.479316903693174,0.596805568850867,2.51191898843861,-68.585038841617
-0.343242143435572,1.09019142892183,-0.40290401684554,B,-0.554754553447682,0.568038673550629,2.17347781996632,-59.4156667531367
0.125335498072941,-0.670252073432547,-1.45144140725751,B,0.342331661892059,0.250677882041124,3.15112053337182,-32.8077735195309
3.2015734658596,-3.01336252022986,1.23648746011267,B,-0.0669081869267457,0.0139139830953229,4.33755247066972,-107.192884861876
-5.12219278748734,2.50983867358387,-1.65791456231439,B,-0.00257695763877325,0.0554616478221914,3.69155994442565,-107.433306542795
-4.00480923482248,6.50064021675131,-1.48240234699439,B,1.65548131615951,-0.30164354277504,5.17094169525413,-23.9898605469657
6.26462580819964,-6.90028266848102,1.15580235374914,B,0.203411447484487,-0.604936694561085,5.90165507752779,-256.286869634238
0.63576183078132,-0.0946274075253617,3.03359681533048,B,0.0708489954744427,0.0823547353542682,3.63629220544032,-24.0579565349924
-0.73401405030256,-1.07191087675795,0.647493932275642,B,-0.991756687522241,-0.118532690090222,4.24114897620238,11.4769667978613
3.40487181394783,-3.82604089082911,0.535904771444818,B,0.0939294297464961,-0.0218765045193273,3.94071371396958,-114.230745820661
5.89673119967748,-6.67841350377762,-2.4944201028299,B,-0.114604426190049,1.04001195141468,0.830437537809261,-389.412140339155
-0.66134282130554,1.26018249847024,1.49861937981262,A,-0.757172654359334,0.4539717665107,2.71387256781984,453.89400903847
-1.89443762020087,2.03564660867608,-0.0587236233018544,A,1.41476535136736,-0.340369981622448,4.70617076037736,529.257558817344
-3.10670489864061,3.91207297961583,0.929388649462928,B,0.2879850450146,0.130729333129852,3.46216683487588,-39.7753994929549
1.86981910380822,-0.973433232774737,-4.80327854937233,B,1.37429551874746,-0.471608461577306,5.09015700066118,-2.37777626065241
-0.699133736490274,-1.06112770496558,2.00190971589503,B,1.35064104087206,-0.611982635160156,5.95830816008697,60.7078731080306
0.264948621690563,0.860825679988716,1.93673885265371,B,0.637296671331347,-0.0240047804392957,4.05470699923781,-7.29111009771725
-1.22135588946312,1.94635715690961,2.35470343435836,A,1.61195208323365,0.413214312285082,2.69127574724507,458.35882527285
-5.03260173683925,4.07738430088505,2.78721031822642,A,-1.11926613039416,-0.189983095864412,4.51925168801884,421.39706384775
3.10982359878011,-3.32864256037536,-3.25429092585315,B,0.507873405721578,-0.0161003814815802,4.3946710107218,-99.7380765143895
0.784383797486928,-2.96765019658073,-0.817304815453986,B,0.18936367100224,-0.0570449580491021,4.29139673830536,-13.4791872450543
-7.89064188581543,9.09112328026777,2.97692297168331,B,0.345627551550949,-0.0629454701900822,4.25647328240428,-278.570255034618
-1.60886207137952,2.95690577229791,0.543763493587953,B,0.506244402819384,0.091694328746219,3.64557911355785,-11.4954188111396
-0.155797384095424,-2.85372169859841,2.81091345494316,A,-0.704795293900717,0.692351290171642,1.93823477867865,426.422219110965
3.08320495946832,-2.78407388948126,-1.40247860380815,A,-0.196207464360812,0.212549573698654,3.23321736732979,378.664646989896
4.97963029515004,-5.10777068778018,1.51475320277051,A,-0.824109354248167,0.08191938257498,3.8469462887633,277.216856495913
-6.46815759518993,6.08357284298902,-0.84750290428089,B,1.88672679279276,-0.774867705316562,6.25791507728561,-102.090475848488
-5.56843122461474,7.08670398527391,-0.645982413475357,B,0.0935767168624638,-1.41083111978991,8.26272421649139,15.928198323514
5.26776922848709,-4.74550025362611,5.08429731914668,A,0.748733993686694,0.439897944708453,2.48432465689166,220.338136193846
-0.195469723175017,0.338180758947511,-0.492620624273407,A,-0.197162307116473,0.0715330717687905,3.89259898777875,489.069981637547
3.57503268979719,-2.84267662016908,3.47490811576973,A,1.19979087133783,0.290845128422905,3.20407329618521,345.326545787434
0.0449395876478803,1.37214699417058,-0.587191389775389,A,0.511316540885519,-0.12096849718893,4.31630431432734,505.511445384984
-3.74454639712717,4.79730357670716,-0.859601276073163,B,0.628310877744303,-0.498265879738042,5.93505904496717,4.68580644504927
6.30219422611667,-5.56036526137986,-0.240832743776428,B,-0.176481019888574,-0.580121462140165,5.83318853425405,-261.933778182571
-0.622177406368245,0.578149909945343,1.34503770136654,A,0.0132820742628559,0.0338893574835377,3.928513424228,495.765173799893
5.7417626284119,-5.60182259561479,2.91874023277094,B,0.43487266709832,0.241327306460816,3.3046461935894,-296.711030972072
0.753536019955069,-0.489155268264645,-2.86683609209335,A,0.13578128640383,-0.182705359442769,4.53013547851893,499.730863773083
2.89269071504774,-2.74897802014141,-1.21597998659112,A,0.370765555565964,0.824989345892163,1.42921620157872,326.476162049053
0.278518532478413,2.66015854042839,-3.38023052641501,A,-0.497068132499719,0.0109117323916746,4.13429004711871,489.153848466615
1.47589910935167,-2.49367925672054,0.400890639533694,A,0.0347188343318719,0.510317603206788,2.46242128075209,412.119513939758
-1.6947720958717,0.157480633023874,-0.759434161915273,B,0.448948079397582,-0.24431768516402,4.4327851957621,21.5827039433327
4.73853337843074,-4.16208101822973,0.480511021564,A,0.629395224031697,0.725273871401186,1.874348377032,230.271165080244
-2.59491356254221,3.18192129899405,-2.23594106656121,B,1.08366825316567,0.115725730122156,3.87196932311702,-26.9454042646719
1.88607809699314,-1.1743138989923,0.153281205865735,A,0.842451773718101,0.134432608283174,3.75340044897648,436.627666111848
-1.95907688153397,1.05370268242231,-3.21006849756941,B,-0.777514738645264,-0.605013034256255,6.01276945879023,55.0184499110334
2.44251893867981,-3.23601977967634,-0.169317521670457,A,-0.25674432873415,-0.22268041020714,5.08773916853319,451.147248674682
2.35082348548292,-0.362340098552155,1.82711769723964,B,-0.13764930669541,-0.535617439641189,5.3899941341055,-13.8968450023137
-5.62502411005439,5.45274319437357,-0.683947872775363,A,-0.354705222135852,-0.0778032404681957,4.38817560236769,379.418754545725
4.01769620655757,-4.32348316914416,2.28137378973437,A,-0.603103852272821,-0.394370757640515,5.09414624391698,388.260649109196
-2.46508582995957,3.88830599624014,1.94847880638658,B,-0.169293445161748,0.39636039474795,2.43009265993414,-52.4872109414245
3.01919966437827,-3.88545916621737,-2.57860104885979,B,-1.5442133958512,-0.14554499325462,4.66625870772461,-82.3344617761501
-1.67914058159321,2.0920828629629,-3.34239246528027,A,0.693484216084976,0.568113014941661,2.06317939955243,440.433879770269
3.13350540458454,-3.22427123232053,-1.48295828222039,A,-0.514396021118759,-1.10959954974715,7.78107342186169,508.460486000217
-2.37917577674161,2.59666469638224,2.48399181623247,B,-0.822926004729609,-0.110537647649704,4.32175997451364,-0.23298297752196
-0.441480145958548,1.36574076282163,1.9863798410645,A,0.191178843543662,-0.0250262548170645,4.21031836043152,500.456267934301
-0.20444172009837,-0.358871480596593,0.341713681236289,B,2.11599028620249,0.073137705515288,3.60884184752688,-11.3674094388644
-1.84883005628278,2.61857754980932,-2.27282201451782,A,-1.24765152467971,-0.133139820998376,4.66334912200707,508.91316144179
-3.9615002705652,3.09334601971881,-0.24875474952342,B,-0.456273658778487,-0.37230041492231,4.82519848328141,-15.3165077982688
-1.09978937436371,2.17115597592383,-1.32232920960637,B,0.117828562647871,0.041073579493633,3.68381530260032,-4.31744197037428
-0.733711955316413,0.539343585906382,2.88245138973062,B,-0.737913280197544,0.0328474578742507,3.88458741585341,-3.88051025381678
-0.637527537360974,0.181537546801626,-0.0590391666156245,A,2.04603731323303,-0.355654199738888,4.84834180699595,534.726117669747
-8.74999454521321,8.92223813333733,0.40250121581746,B,-0.423459956863907,0.462030075350799,3.10177485943917,-406.672724678593
0.851970611524412,-0.67279348492148,-0.42337499536474,B,0.110588957495111,0.134509364393716,3.35000352296823,-33.921582138646
-0.0724343402061138,0.649703008779774,0.642411015414819,A,-0.530874878893158,-0.746317228968119,6.62965076173044,569.40431273379
1.88513627656629,-1.0304649440606,-4.56276886213556,A,-0.251108077321559,-0.517214189676134,5.43127441033689,501.721196626471
2.30667743747614,-1.0009080862449,1.85279461017053,A,0.164221762797574,0.569287956719622,2.14880750072353,377.344189556561
1.58640954578695,-2.85357451445029,0.38689163881026,A,0.288549420421741,0.235030018802509,3.34167821522542,436.423850103644
-1.863911879767,1.43792067418075,1.17659572584991,B,-1.50873740407637,0.24076280430003,3.44428456678068,-28.4764684253431
1.50071516918105,-0.42894030731216,1.4785013013572,A,-0.680584562988769,0.38998497394559,3.17872423552196,423.428464109724
-0.0204169422199025,0.587301153555606,1.71204201972947,A,0.300761364885749,-0.342242448113499,5.34842675504833,528.491322561888
2.66475216257891,-1.86210818253993,-0.387339558657921,B,-1.45787815467491,1.25910704124798,0.31994695388249,-206.610219113241
-1.90244915718684,3.70768618580571,1.66498891911102,B,0.432640207307688,-0.292367774093956,5.39890829180033,24.5231607659441
-0.460595737738665,1.75161078070914,1.24514242969113,B,0.918157238446908,0.015776239657974,3.94805619864607,-3.30782501778519
1.95362230914199,-3.20310424319141,1.61489827711779,A,1.78057211186728,-0.27144822417652,4.64696394928137,474.756376802365
1.82402467102183,-4.61927039947199,-0.611202669425941,B,-1.90836323838943,0.124248213740125,3.56032725686328,-60.0944905050329
-0.174050252645716,-1.67290864990891,0.357018089760342,A,0.65641473749092,-0.46452290312455,5.77934032096465,542.396467978147
-0.79024367037835,1.64326251298266,-0.257917879060638,A,-1.78067128115891,-0.20780620119246,4.78757656400272,520.59836507684
1.75193512234717,-2.52491247662465,0.0567250527456631,B,-0.835009264782041,0.00660952450187163,4.39110897373888,-46.1417353600359
-3.44305238028094,3.91123104961638,-0.470391438278409,B,-0.535641149552618,-0.242353383849448,4.78214928984041,-11.6125641447521
-3.95662322728046,3.85096795883467,0.0543769197198222,B,-1.39479257954023,0.225096936644837,3.50988669583434,-74.8568707559886
-0.034746642918368,-1.08520722443797,-3.50328356327182,A,0.209391539004107,-0.502241445029679,5.45373356988499,544.479348717839
4.01186414265058,-2.27050181192776,-1.97591034770643,A,1.1732084773397,0.263055923674472,3.22981372666934,323.033218034797
-5.43013395078139,7.38645637475924,-0.622531781263391,A,-0.663969915951149,-0.495710608916328,5.62486889640325,431.793178681742
7.4718618978624,-8.24236037204401,-3.08814087507163,B,0.0316836475079142,0.622919290556242,2.034558601732,-492.81377679959
-1.74404697314691,0.665627135068539,-1.45523231867825,B,-0.511649852911252,-0.158330812927484,4.86306561890631,12.4120803349331
4.68659291004314,-4.35211255490499,1.5373572299586,B,-0.332647846713488,-0.745238116442554,6.17116694504542,-119.44517440877
0.270645682006557,-0.932983499891814,-0.701185582140042,A,-1.21145725179856,0.3609650567134,2.73839923875673,454.340320323795
-0.342262729682322,1.10577498135758,-3.28431779461312,A,0.61714364693358,-0.701347145346114,5.89582941179302,567.528091552411
-2.71446270339083,1.41657764564367,-4.63427339228257,B,0.135099532794604,0.143332325562064,3.45142080398693,-32.085375621946
5.0452262449657,-4.61585370070908,2.90169156172061,B,0.406205227969885,-0.627897048439348,6.0007913555288,-156.382952637756
-5.83209267471347,5.76799433627797,4.24740072369763,B,0.451550418552482,0.122725976471408,3.35802805558347,-152.369231530339
-6.41799628797216,7.05524972190455,-0.708455596177522,A,-2.18262619658457,0.581529761988962,2.30794481400279,265.672927890823
-3.01904088933802,3.84770851332244,-2.30961588314515,B,2.07113080812107,-0.416356348857632,5.26783822489944,17.1610985695784
2.42345691148441,-1.7985182655317,-1.15955352618712,A,0.170417667551177,-0.0680418077981226,4.18507828877219,436.250539501576
1.54036208732117,-1.36069963883661,2.81823933275323,A,-2.8797611682316,0.150086891044786,3.97851422522652,446.412121762458
-1.36986770514529,0.246769166705649,-3.32270171609921,B,-1.67470954865324,-0.794686744516629,6.59773602470121,78.6530239819097
-1.97871642566108,1.91499523231903,-1.15983647699711,A,-0.39153309975004,-0.352808318020753,5.37048120381044,529.559903523373
-2.58524209703163,1.15343906462968,0.758509035780612,A,1.15538151209984,0.258001725817756,3.2385083237527,458.973404610409
6.71529522368269,-5.92897770218683,0.897177158933911,A,-0.0259685789758243,0.0920456072792262,3.64284499052133,133.612935000887
1.96193040088884,-2.2951593070133,-0.136910659795177,B,-1.56280261114061,0.132863692656791,3.31713410744697,-65.8626162120099
-1.07114718283703,0.719280366804421,-1.3624181158011,B,0.482454663873941,1.1977444767177,0.354091025030107,-119.919169344444
2.73676997548097,-3.57051527176359,-1.50712444916943,B,0.556893548940698,0.379159487271011,2.68567381517198,-121.701883252859
-2.77570986981312,1.99052118533929,0.854684480186041,A,1.08352110289233,-0.581339389850393,5.85988820882205,539.228840156133
-3.00245119223337,2.87630562967584,-2.5868360899191,A,2.23694979336859,0.153649837429576,3.70683415489702,460.843361468943
-4.1670328977664,4.80345532483835,1.17719516092322,A,1.13018370092979,-0.121447521534378,4.11345680001426,451.799816458655
-7.06409045901922,7.62452886784,1.83238651801558,A,-0.349543675305297,0.230020361896277,3.20143561549322,256.245557885455
-5.15434130243188,6.73329929882945,0.00293105824280616,A,0.205031221414487,-0.132492429661899,4.54278582521197,409.647848107619
-2.01153262172495,1.90200368261221,4.02946518795135,A,0.756831278622493,0.44454180266032,2.80678696016546,449.367192530745
3.08751446896413,-4.34890854134684,-4.32210180610898,B,-0.520470314202437,0.115157399460357,3.70821359893544,-111.700463576135
1.47740032210721,-2.30658412214609,1.1977435539011,B,0.088311205324531,-1.05042212092673,7.47319187805396,68.1177786765405
0.0235322922326087,-1.67304988314326,-2.27298634996925,A,0.668752909356214,-0.357309507589977,4.96375453048101,529.579278119848
-1.37097429494677,2.11563130157928,-2.01632919146949,B,0.686113905683056,0.662527078386134,1.73274420747037,-67.259865583613
-2.40617147538339,2.77800490858986,-1.50587548414863,A,-0.493427776656705,0.14561331860507,3.59446037795278,473.612024138542
2.35643890607086,-3.90155582121816,3.36914011334275,A,-0.16990315780755,0.0724057847625412,3.76397312091549,425.029711965141
-0.181633324658836,-0.785017502285019,-0.563665238219178,A,0.192664365540588,0.624224989248524,1.90147649299154,433.416463253081
-1.44491113839387,1.42361594776004,-2.61575765659841,B,0.749138217925885,-0.391961305109485,5.05123441825148,37.9386578004225
1.2407069659133,-2.56155945080025,-0.512814300607642,A,-0.000324716092391881,-0.662948140555508,6.18595997939998,536.107595546382
-3.21137446953718,3.55213107267987,-2.5001108794169,A,0.310066512656462,-0.137934060157062,4.60376857821026,484.574835036111
-3.99228538273487,3.62954567805015,-2.76925716692937,B,0.0555629886912154,0.961963042536103,0.957511911461664,-149.996908419506
-4.26871599043451,3.65886438481707,0.305806601313556,B,0.441423210255577,-0.167776034502306,4.37060547271735,-47.3002279689311
2.00293547965186,-4.88456279323528,-0.618970585630108,A,1.62487585310031,0.274863373384589,2.79456546729458,418.297744949471
3.34789007883971,-4.15715971818768,4.12812543537503,B,0.161952486083495,0.083462831913641,3.9124132552137,-121.687247312826
1.53656372153329,-1.86893389977729,2.5074010089088,A,-0.391263278767602,-0.180333806372035,4.4281400779507,479.470349332667
-4.2689052105075,5.30190049006669,-0.860802545741079,A,0.981085625354302,-0.458142677299266,5.43971021143239,481.688971902173
0.90896049907661,-0.670367113460262,-1.4936385085004,A,0.889533902047171,-0.427843483861964,5.11358325598463,521.146154445763
-4.19881631381746,3.36326948033559,2.02241524140357,A,-0.522055649073293,0.704231833614026,1.69181431247859,368.173542279812
-3.02372010605274,1.98677185185455,0.314766419871653,A,-0.801785841241715,-0.210964548553939,4.43275623637448,496.520387443559
-3.0016898365798,2.55798892853988,-2.56269161685527,A,-0.242006542692957,-0.225546482607836,4.70221307783431,498.493219631546
-0.107124494610848,-1.3126559062957,-0.484086972714233,A,0.246450813970279,-0.144272757140396,4.13137294351632,509.556303298279
3.34792741187294,-1.08474792675367,0.0542155834268891,B,1.10474806667748,-0.0681260296289906,4.23369398982848,-106.710870992787
-2.11219030693629,0.90633472239558,1.72767334953578,B,0.155323135882682,-0.814010246413326,6.60507212304473,73.9711754958515
-2.06719597280866,1.85139178476825,1.47383364124469,A,0.356999282410027,-0.19742522427263,4.51303462002384,512.982868201159
-2.50127515976953,2.41529599683802,2.9009802978729,B,-0.467096008863771,0.04574809514492,4.13907394458522,-18.0841892044299
-1.00829069030867,3.23373966992587,1.09673257624215,B,0.854593794670064,-0.0609868178086806,4.16088526037419,6.19755225221166
-0.435625304350555,2.39914557558734,0.563397233258288,B,0.902417287283002,0.719794991955292,1.76920724505263,-73.8506113233947
-7.93424861911622,8.25590025287799,0.444566301473741,B,1.05266531099517,0.0298170496119038,4.05028960922193,-291.521150053346
4.79654981414774,-3.50686421619885,-1.65428348804205,A,-0.841340523987437,0.805416102458266,1.64032920119631,217.878738272513
-0.546015247246092,0.225736638297234,-1.69613051898462,A,-0.430056537865665,-0.819892294450732,6.6952181002363,580.688558334547
-2.13058758436403,-0.55593048049905,3.04342779181158,B,2.24131414446587,0.253022941274682,3.20981116116384,-32.90569349478
-0.448885142012693,1.70626126726668,-0.514489122416081,B,0.168234602513354,0.39729154625866,2.84974584004366,-41.610479734151
-0.048314220609738,-1.07630367191755,-0.326253010593067,A,0.212104390765724,0.0346508392646628,3.32820224601782,491.056110206492
0.33620982719096,-2.15357299299154,-0.215670027124343,B,0.522789839816102,0.115281386520266,3.51515604386643,-22.275109762466
1.12684858466016,-0.538449666644269,0.924537680910019,B,1.19109734347439,0.0448879766816282,3.89225059818788,-31.689107704522
-3.04070619472003,2.86524414462462,4.30770289438706,B,-0.361693265388128,0.271106168481381,3.08240506363283,-51.901151058664
-0.195422465556243,0.321324840789007,0.518076795930113,A,2.22341888926666,-0.838721188019994,6.38025790765316,579.925767800196
4.13819206623659,-5.23631537447612,1.87148616897083,A,-0.100440626826023,-0.474107762308625,5.05090031517233,388.811493060916
0.181949304474406,1.45350131678685,-0.578934166646807,A,-0.160296914762164,0.55922769346146,2.45499945704968,435.590139713612
-0.789079784680753,2.37767510960609,-1.26715452394942,B,1.68511086137446,-0.294390638353112,4.93829810220229,29.2193168295371
-3.02997028668908,0.891989082492763,2.13519895120776,B,3.42485858961827,0.144726952188972,3.65776186534989,-39.0930996534906
-0.259966840611327,0.218612251916533,0.711318047784215,A,0.471410852233689,-0.227588281360634,5.09945392205981,519.488533240422
2.09227554471007,-0.652582633181328,-0.881026215451991,A,-0.48739546627709,-0.404835710541038,5.14101495902869,483.06598764552
-0.0279426647856703,0.0538443252721681,0.136183248264729,B,2.8867133431728,1.21606389117873,0.209926691940703,-127.360394668093
-6.93710607831841,6.80399901133614,-0.301817913593698,A,0.451595448361402,0.774192425600275,1.66632225839407,211.206016280596
1.55964979352472,-2.33655770131276,2.3399570388202,B,0.410586186390223,0.0947772984219623,3.85938942656279,-48.8668267735192
1.88249002580517,-1.41808183019806,-2.65986147534629,B,0.0165883485116885,0.863972046050566,1.48270938364327,-136.355935623978
-0.136645225361471,0.444982671624463,0.732316581840062,B,-1.15026723988378,-0.486110721414251,5.54147986322345,44.1799610568864
-3.5320708124863,4.56563981813142,-1.0285795824591,B,-0.985167167716508,-0.368043981333855,4.76762480434138,-1.64007225934785
-2.46928416972022,1.9674221191197,1.06288341600056,A,0.864920126716256,-0.631430705582596,5.72868515055998,550.280181873026
2.99275770188316,-3.1522514085275,-1.80916324696202,A,-0.127842167986409,-0.890006089860329,6.55837826866694,493.430997139605
3.19755298388445,-4.52860037232743,1.53970864583501,B,-0.748169146296708,0.451312110834029,2.4668745162816,-150.710541756487
-0.039173723822919,-0.260175306430182,-0.512873036400762,B,0.197137114403856,-0.613558816539892,5.86114680683108,55.8606815166701
0.99954012131641,-0.0913121391865037,2.36804397111785,A,-0.11198788742276,-0.34864511799842,4.9111783961269,510.714752364646
0.440321362112523,-0.0730245510606518,-0.785262233480533,B,-0.825084277350343,0.26860793240981,2.89088236149536,-39.2693824097357
-2.55578206356505,1.56416751309042,-1.90907947276587,B,-0.508466762022083,-0.0371636977949165,4.22425759057857,-10.7520457581128
-3.71178580596359,5.86087054474184,2.50849236410402,A,1.50155624484484,-0.00733349013680332,3.98513147687363,456.669214745175
1.00479543839312,-2.35704829601411,-1.10052021765638,B,1.04552239981903,0.468758095616086,2.6884918901149,-71.2335363916081
-0.662987800025635,1.38512813674472,5.28799029958772,B,0.339896424844153,0.517763679008813,2.54643391770505,-52.3559257691014
5.33418744608437,-4.58389724286416,-1.41707203855325,B,-0.204019603335097,-0.31156028675004,5.06334296375026,-209.552684248352
1.35409531985388,-1.90652610000875,-1.64236078910562,B,-1.15835164361895,0.256817474579097,3.35054921047276,-58.8659839167063
-4.54878399282026,5.33829340936237,-1.05377646745762,B,1.54019074023662,-0.986832546953686,6.73538936247163,23.2449518106747
-1.13999141818924,2.6826664407576,0.1710566194023,A,1.89489617911345,-0.364476706710848,4.92950166457373,536.370390373863
0.143557064133014,1.56021477531997,0.175098162200754,B,0.643666577303709,-0.00306727587615342,3.79971405385441,-7.63039100051975
-4.01331171488385,4.55619495241722,0.232650312777292,B,0.69491619724366,-0.0724005951532604,4.36815127173944,-47.2109438369606
-0.969683899763388,1.25010093008158,0.719853451081089,B,-1.32912822385885,-0.219246445977119,4.58068017022504,21.8561630444827
-0.011616351886154,-0.574276331108895,-0.678563408655534,A,1.19866296479908,-0.183919626676154,4.33185120186593,512.616830185133
4.45642605255591,-2.03724543973774,-2.41220425932624,A,1.27606148553506,0.118226986246621,3.95732342605406,309.557196561059
-4.17229276405001,3.84672378857701,-0.375723029186629,A,1.47406793341216,0.0927802469596488,3.35009702444599,430.442574244342
3.31712698614958,-3.5909604330876,1.09092651376216,A,-0.792001092745477,0.498052530370932,2.29611566999729,338.349445306995
3.63267322009269,-3.38415556978369,4.09804431440435,A,-1.48601866424559,0.134483525632308,3.88865905738477,357.852067251199
1.26835252440202,-0.975684581536996,4.19260721485525,B,-0.731653014419178,-0.08458705511964,4.28161615939195,-22.6121976430722
1.91724965985276,-2.37494870278486,-3.23959733259607,A,2.15604876703374,0.0552688950072705,3.31210886611622,443.469154925336
-2.20159412136797,2.65747308063781,-3.10182487172711,B,1.7869552822163,-0.391723346957034,5.21610731642224,30.5988606929542
-5.66505726059777,5.85185946452345,1.00591888292505,A,1.40094407381985,0.202281698187129,3.48665067566155,349.048474132861
0.517091542932499,-0.337139257128606,-1.73215887785747,A,0.420024088825548,-0.384240519336817,5.03381223892852,524.638955167843
0.259200824022793,-3.10451269228025,-2.49044069275058,B,0.661837497202343,-0.501261889433385,5.33235147157599,40.5218243348869
-0.946546163961827,3.31550016120543,-4.17279930243887,A,2.23144629089352,-0.521504875322372,5.2273185636741,552.082016081109
-0.907457273236263,2.33930189483579,-2.7460945862983,B,1.0866643729181,0.0994760945369761,3.59209629364347,-10.1685611833539
1.04108346886021,0.223317962430263,-1.32340517597223,B,-0.248024835305212,0.306304512694318,2.99322823863707,-55.7201824290587
-2.47345969019563,3.33162040667512,-0.325760417194697,A,-0.117539088348699,-0.101965564592051,4.16420028171281,497.087913291267
-3.44323600862006,4.9557933191174,0.261313149141328,A,-0.986293952219605,0.274552478089227,2.71552077282017,436.805782299248
1.78125726424927,-2.67878393985492,-2.1976053843929,A,-0.218113865711111,-0.886353102981484,6.22142029801872,542.278571194918
0.856664070405535,1.76781413051141,-0.0910458754577557,B,0.0844894469835872,0.0478885393997927,3.92559454116668,-25.5398792599117
-3.86341855799081,5.43265410685527,0.0255965901496845,A,0.229595956476709,-0.162605479642974,4.75657885277248,467.049783721811
-5.51879772431581,4.72461693477967,-2.57471086308301,B,-0.246005557719854,0.272399428826642,3.28602169693484,-149.89612579512
3.2468980436597,-4.16979524940064,-3.11721971982314,A,1.0490657485228,-0.492659312780495,5.8060023012576,441.079342800159
7.46885051217509,-8.33619800605691,-1.13118763773956,B,0.453881322588352,0.134437558157248,3.75864501721772,-443.711584132288
3.43475394766924,-3.9373927374006,1.25765173299183,B,-0.222700888764348,0.611125229119375,2.11153893079208,-179.097748951088
1.19133566256655,-1.87696228386335,-1.55500688768758,B,0.672386565071873,-0.247452630946476,4.46345422130508,-3.94418766211236
-1.30686173590505,0.1507427124052,2.90191270276883,B,-0.552461147780811,0.88373625636449,1.53564260429112,-88.8398082025401
-0.877623295937449,1.86559761195723,-0.847491073879099,B,1.13968689651122,0.510147339482919,2.56335488713636,-51.1589585577985
-1.54499808891197,0.724333534915813,-2.59895720267951,B,0.313873809106078,-0.418772601778217,5.13664774949037,40.1133624579034
1.9444093956092,-1.45908430965588,-0.366023806160204,B,-0.0934811243235041,-0.112231492872507,4.27847223281208,-40.6572575583594
2.42880804732197,-2.51329241410423,-2.72725118145722,B,0.749299733399568,0.519265063953001,2.50129657078988,-122.409463703012
-0.190040170045734,-0.722575860961836,-1.27456473293185,B,1.46737392623233,-0.981704499493727,7.17847324824814,94.0874484973559
