Date, NOAA Combined Land and Ocean Globally averaged Temperature  missing value -999 https://psl.noaa.gov/data/timeseries/month/
1850-01-01,   -0.775
1850-02-01,   -0.551
1850-03-01,   -0.566
1850-04-01,   -0.679
1850-05-01,   -0.609
1850-06-01,   -0.399
1850-07-01,   -0.339
1850-08-01,   -0.292
1850-09-01,   -0.386
1850-10-01,   -0.600
1850-11-01,   -0.457
1850-12-01,   -0.359
1851-01-01,   -0.491
1851-02-01,   -0.410
1851-03-01,   -0.593
1851-04-01,   -0.669
1851-05-01,   -0.585
1851-06-01,   -0.456
1851-07-01,   -0.237
1851-08-01,   -0.198
1851-09-01,   -0.241
1851-10-01,   -0.133
1851-11-01,   -0.349
1851-12-01,   -0.380
1852-01-01,   -0.340
1852-02-01,   -0.576
1852-03-01,   -0.754
1852-04-01,   -0.649
1852-05-01,   -0.417
1852-06-01,   -0.204
1852-07-01,   -0.230
1852-08-01,   -0.168
1852-09-01,   -0.218
1852-10-01,   -0.196
1852-11-01,   -0.230
1852-12-01,   -0.302
1853-01-01,   -0.442
1853-02-01,   -0.589
1853-03-01,   -0.566
1853-04-01,   -0.599
1853-05-01,   -0.407
1853-06-01,   -0.309
1853-07-01,   -0.187
1853-08-01,   -0.271
1853-09-01,   -0.350
1853-10-01,   -0.378
1853-11-01,   -0.425
1853-12-01,   -0.417
1854-01-01,   -0.597
1854-02-01,   -0.527
1854-03-01,   -0.370
1854-04-01,   -0.452
1854-05-01,   -0.410
1854-06-01,   -0.382
1854-07-01,   -0.308
1854-08-01,   -0.352
1854-09-01,   -0.335
1854-10-01,   -0.206
1854-11-01,   -0.247
1854-12-01,   -0.279
1855-01-01,   -0.398
1855-02-01,   -0.418
1855-03-01,   -0.402
1855-04-01,   -0.403
1855-05-01,   -0.403
1855-06-01,   -0.381
1855-07-01,   -0.429
1855-08-01,   -0.392
1855-09-01,   -0.373
1855-10-01,   -0.256
1855-11-01,   -0.348
1855-12-01,   -0.432
1856-01-01,   -0.139
1856-02-01,   -0.364
1856-03-01,   -0.471
1856-04-01,   -0.530
1856-05-01,   -0.530
1856-06-01,   -0.340
1856-07-01,   -0.445
1856-08-01,   -0.559
1856-09-01,   -0.511
1856-10-01,   -0.666
1856-11-01,   -0.471
1856-12-01,   -0.434
1857-01-01,   -0.464
1857-02-01,   -0.682
1857-03-01,   -0.525
1857-04-01,   -0.608
1857-05-01,   -0.662
1857-06-01,   -0.503
1857-07-01,   -0.465
1857-08-01,   -0.463
1857-09-01,   -0.470
1857-10-01,   -0.460
1857-11-01,   -0.417
1857-12-01,   -0.294
1858-01-01,   -0.447
1858-02-01,   -0.567
1858-03-01,   -0.459
1858-04-01,   -0.502
1858-05-01,   -0.690
1858-06-01,   -0.490
1858-07-01,   -0.447
1858-08-01,   -0.439
1858-09-01,   -0.500
1858-10-01,   -0.390
1858-11-01,   -0.417
1858-12-01,   -0.521
1859-01-01,   -0.467
1859-02-01,   -0.400
1859-03-01,   -0.358
1859-04-01,   -0.358
1859-05-01,   -0.281
1859-06-01,   -0.349
1859-07-01,   -0.440
1859-08-01,   -0.313
1859-09-01,   -0.428
1859-10-01,   -0.390
1859-11-01,   -0.325
1859-12-01,   -0.187
1860-01-01,   -0.447
1860-02-01,   -0.527
1860-03-01,   -0.559
1860-04-01,   -0.527
1860-05-01,   -0.574
1860-06-01,   -0.457
1860-07-01,   -0.518
1860-08-01,   -0.460
1860-09-01,   -0.528
1860-10-01,   -0.533
1860-11-01,   -0.541
1860-12-01,   -0.774
1861-01-01,   -0.939
1861-02-01,   -0.857
1861-03-01,   -0.630
1861-04-01,   -0.642
1861-05-01,   -0.697
1861-06-01,   -0.560
1861-07-01,   -0.460
1861-08-01,   -0.433
1861-09-01,   -0.418
1861-10-01,   -0.538
1861-11-01,   -0.360
1861-12-01,   -0.555
1862-01-01,   -0.754
1862-02-01,   -0.821
1862-03-01,   -0.715
1862-04-01,   -0.742
1862-05-01,   -0.721
1862-06-01,   -0.534
1862-07-01,   -0.582
1862-08-01,   -0.577
1862-09-01,   -0.562
1862-10-01,   -0.618
1862-11-01,   -0.477
1862-12-01,   -0.771
1863-01-01,   -0.449
1863-02-01,   -0.592
1863-03-01,   -0.482
1863-04-01,   -0.478
1863-05-01,   -0.551
1863-06-01,   -0.496
1863-07-01,   -0.536
1863-08-01,   -0.503
1863-09-01,   -0.590
1863-10-01,   -0.537
1863-11-01,   -0.441
1863-12-01,   -0.517
1864-01-01,   -0.651
1864-02-01,   -0.591
1864-03-01,   -0.553
1864-04-01,   -0.524
1864-05-01,   -0.417
1864-06-01,   -0.347
1864-07-01,   -0.401
1864-08-01,   -0.510
1864-09-01,   -0.551
1864-10-01,   -0.545
1864-11-01,   -0.425
1864-12-01,   -0.588
1865-01-01,   -0.173
1865-02-01,   -0.564
1865-03-01,   -0.572
1865-04-01,   -0.589
1865-05-01,   -0.551
1865-06-01,   -0.358
1865-07-01,   -0.300
1865-08-01,   -0.266
1865-09-01,   -0.297
1865-10-01,   -0.322
1865-11-01,   -0.324
1865-12-01,   -0.372
1866-01-01,   -0.300
1866-02-01,   -0.322
1866-03-01,   -0.494
1866-04-01,   -0.504
1866-05-01,   -0.491
1866-06-01,   -0.437
1866-07-01,   -0.309
1866-08-01,   -0.477
1866-09-01,   -0.418
1866-10-01,   -0.444
1866-11-01,   -0.393
1866-12-01,   -0.326
1867-01-01,   -0.490
1867-02-01,   -0.649
1867-03-01,   -0.614
1867-04-01,   -0.737
1867-05-01,   -0.678
1867-06-01,   -0.455
1867-07-01,   -0.491
1867-08-01,   -0.340
1867-09-01,   -0.309
1867-10-01,   -0.372
1867-11-01,   -0.341
1867-12-01,   -0.519
1868-01-01,   -0.700
1868-02-01,   -0.592
1868-03-01,   -0.438
1868-04-01,   -0.536
1868-05-01,   -0.435
1868-06-01,   -0.351
1868-07-01,   -0.390
1868-08-01,   -0.315
1868-09-01,   -0.383
1868-10-01,   -0.317
1868-11-01,   -0.558
1868-12-01,   -0.379
1869-01-01,   -0.293
1869-02-01,   -0.233
1869-03-01,   -0.398
1869-04-01,   -0.503
1869-05-01,   -0.365
1869-06-01,   -0.371
1869-07-01,   -0.395
1869-08-01,   -0.456
1869-09-01,   -0.449
1869-10-01,   -0.460
1869-11-01,   -0.221
1869-12-01,   -0.377
1870-01-01,   -0.481
1870-02-01,   -0.629
1870-03-01,   -0.495
1870-04-01,   -0.538
1870-05-01,   -0.458
1870-06-01,   -0.364
1870-07-01,   -0.331
1870-08-01,   -0.320
1870-09-01,   -0.409
1870-10-01,   -0.537
1870-11-01,   -0.510
1870-12-01,   -0.673
1871-01-01,   -0.677
1871-02-01,   -0.669
1871-03-01,   -0.377
1871-04-01,   -0.340
1871-05-01,   -0.449
1871-06-01,   -0.317
1871-07-01,   -0.330
1871-08-01,   -0.385
1871-09-01,   -0.509
1871-10-01,   -0.542
1871-11-01,   -0.560
1871-12-01,   -0.515
1872-01-01,   -0.597
1872-02-01,   -0.620
1872-03-01,   -0.517
1872-04-01,   -0.639
1872-05-01,   -0.503
1872-06-01,   -0.439
1872-07-01,   -0.410
1872-08-01,   -0.316
1872-09-01,   -0.407
1872-10-01,   -0.476
1872-11-01,   -0.544
1872-12-01,   -0.628
1873-01-01,   -0.532
1873-02-01,   -0.567
1873-03-01,   -0.754
1873-04-01,   -0.758
1873-05-01,   -0.560
1873-06-01,   -0.419
1873-07-01,   -0.383
1873-08-01,   -0.346
1873-09-01,   -0.402
1873-10-01,   -0.387
1873-11-01,   -0.479
1873-12-01,   -0.527
1874-01-01,   -0.535
1874-02-01,   -0.554
1874-03-01,   -0.734
1874-04-01,   -0.624
1874-05-01,   -0.670
1874-06-01,   -0.485
1874-07-01,   -0.541
1874-08-01,   -0.506
1874-09-01,   -0.432
1874-10-01,   -0.445
1874-11-01,   -0.564
1874-12-01,   -0.412
1875-01-01,   -0.451
1875-02-01,   -0.559
1875-03-01,   -0.567
1875-04-01,   -0.518
1875-05-01,   -0.527
1875-06-01,   -0.419
1875-07-01,   -0.401
1875-08-01,   -0.461
1875-09-01,   -0.506
1875-10-01,   -0.481
1875-11-01,   -0.680
1875-12-01,   -0.785
1876-01-01,   -0.548
1876-02-01,   -0.759
1876-03-01,   -0.540
1876-04-01,   -0.628
1876-05-01,   -0.801
1876-06-01,   -0.442
1876-07-01,   -0.476
1876-08-01,   -0.475
1876-09-01,   -0.476
1876-10-01,   -0.368
1876-11-01,   -0.556
1876-12-01,   -0.569
1877-01-01,   -0.417
1877-02-01,   -0.410
1877-03-01,   -0.253
1877-04-01,   -0.359
1877-05-01,   -0.291
1877-06-01,   -0.214
1877-07-01,   -0.017
1877-08-01,   -0.152
1877-09-01,   -0.109
1877-10-01,   -0.003
1877-11-01,    0.063
1877-12-01,   -0.170
1878-01-01,   -0.179
1878-02-01,   -0.134
1878-03-01,    0.070
1878-04-01,   -0.175
1878-05-01,   -0.269
1878-06-01,   -0.079
1878-07-01,   -0.086
1878-08-01,   -0.206
1878-09-01,   -0.185
1878-10-01,   -0.323
1878-11-01,   -0.348
1878-12-01,   -0.344
1879-01-01,   -0.371
1879-02-01,   -0.481
1879-03-01,   -0.388
1879-04-01,   -0.471
1879-05-01,   -0.410
1879-06-01,   -0.388
1879-07-01,   -0.312
1879-08-01,   -0.458
1879-09-01,   -0.455
1879-10-01,   -0.458
1879-11-01,   -0.547
1879-12-01,   -0.641
1880-01-01,   -0.626
1880-02-01,   -0.734
1880-03-01,   -0.505
1880-04-01,   -0.422
1880-05-01,   -0.434
1880-06-01,   -0.435
1880-07-01,   -0.509
1880-08-01,   -0.334
1880-09-01,   -0.428
1880-10-01,   -0.496
1880-11-01,   -0.466
1880-12-01,   -0.437
1881-01-01,   -0.429
1881-02-01,   -0.478
1881-03-01,   -0.399
1881-04-01,   -0.293
1881-05-01,   -0.245
1881-06-01,   -0.470
1881-07-01,   -0.305
1881-08-01,   -0.383
1881-09-01,   -0.478
1881-10-01,   -0.527
1881-11-01,   -0.536
1881-12-01,   -0.322
1882-01-01,   -0.227
1882-02-01,   -0.432
1882-03-01,   -0.409
1882-04-01,   -0.527
1882-05-01,   -0.415
1882-06-01,   -0.553
1882-07-01,   -0.518
1882-08-01,   -0.409
1882-09-01,   -0.449
1882-10-01,   -0.559
1882-11-01,   -0.524
1882-12-01,   -0.587
1883-01-01,   -0.503
1883-02-01,   -0.673
1883-03-01,   -0.458
1883-04-01,   -0.531
1883-05-01,   -0.465
1883-06-01,   -0.268
1883-07-01,   -0.388
1883-08-01,   -0.534
1883-09-01,   -0.559
1883-10-01,   -0.532
1883-11-01,   -0.524
1883-12-01,   -0.551
1884-01-01,   -0.537
1884-02-01,   -0.486
1884-03-01,   -0.764
1884-04-01,   -0.722
1884-05-01,   -0.626
1884-06-01,   -0.577
1884-07-01,   -0.633
1884-08-01,   -0.599
1884-09-01,   -0.629
1884-10-01,   -0.639
1884-11-01,   -0.646
1884-12-01,   -0.411
1885-01-01,   -0.723
1885-02-01,   -0.620
1885-03-01,   -0.716
1885-04-01,   -0.749
1885-05-01,   -0.598
1885-06-01,   -0.683
1885-07-01,   -0.566
1885-08-01,   -0.486
1885-09-01,   -0.567
1885-10-01,   -0.516
1885-11-01,   -0.537
1885-12-01,   -0.385
1886-01-01,   -0.619
1886-02-01,   -0.705
1886-03-01,   -0.805
1886-04-01,   -0.579
1886-05-01,   -0.567
1886-06-01,   -0.591
1886-07-01,   -0.489
1886-08-01,   -0.520
1886-09-01,   -0.549
1886-10-01,   -0.569
1886-11-01,   -0.577
1886-12-01,   -0.520
1887-01-01,   -0.956
1887-02-01,   -0.791
1887-03-01,   -0.706
1887-04-01,   -0.655
1887-05-01,   -0.647
1887-06-01,   -0.563
1887-07-01,   -0.569
1887-08-01,   -0.557
1887-09-01,   -0.472
1887-10-01,   -0.637
1887-11-01,   -0.538
1887-12-01,   -0.668
1888-01-01,   -0.465
1888-02-01,   -0.624
1888-03-01,   -0.642
1888-04-01,   -0.588
1888-05-01,   -0.480
1888-06-01,   -0.396
1888-07-01,   -0.312
1888-08-01,   -0.382
1888-09-01,   -0.442
1888-10-01,   -0.146
1888-11-01,   -0.188
1888-12-01,   -0.276
1889-01-01,   -0.256
1889-02-01,   -0.112
1889-03-01,   -0.263
1889-04-01,   -0.261
1889-05-01,   -0.227
1889-06-01,   -0.338
1889-07-01,   -0.377
1889-08-01,   -0.392
1889-09-01,   -0.422
1889-10-01,   -0.448
1889-11-01,   -0.574
1889-12-01,   -0.573
1890-01-01,   -0.654
1890-02-01,   -0.699
1890-03-01,   -0.709
1890-04-01,   -0.714
1890-05-01,   -0.611
1890-06-01,   -0.575
1890-07-01,   -0.561
1890-08-01,   -0.620
1890-09-01,   -0.689
1890-10-01,   -0.515
1890-11-01,   -0.705
1890-12-01,   -0.651
1891-01-01,   -0.605
1891-02-01,   -0.863
1891-03-01,   -0.559
1891-04-01,   -0.550
1891-05-01,   -0.449
1891-06-01,   -0.414
1891-07-01,   -0.421
1891-08-01,   -0.468
1891-09-01,   -0.483
1891-10-01,   -0.461
1891-11-01,   -0.634
1891-12-01,   -0.464
1892-01-01,   -0.508
1892-02-01,   -0.439
1892-03-01,   -0.588
1892-04-01,   -0.590
1892-05-01,   -0.629
1892-06-01,   -0.531
1892-07-01,   -0.627
1892-08-01,   -0.572
1892-09-01,   -0.491
1892-10-01,   -0.552
1892-11-01,   -0.648
1892-12-01,   -0.633
1893-01-01,   -0.863
1893-02-01,   -0.814
1893-03-01,   -0.731
1893-04-01,   -0.656
1893-05-01,   -0.638
1893-06-01,   -0.490
1893-07-01,   -0.511
1893-08-01,   -0.532
1893-09-01,   -0.575
1893-10-01,   -0.536
1893-11-01,   -0.588
1893-12-01,   -0.724
1894-01-01,   -0.852
1894-02-01,   -0.793
1894-03-01,   -0.678
1894-04-01,   -0.740
1894-05-01,   -0.563
1894-06-01,   -0.731
1894-07-01,   -0.517
1894-08-01,   -0.466
1894-09-01,   -0.600
1894-10-01,   -0.578
1894-11-01,   -0.540
1894-12-01,   -0.550
1895-01-01,   -0.649
1895-02-01,   -0.686
1895-03-01,   -0.609
1895-04-01,   -0.533
1895-05-01,   -0.598
1895-06-01,   -0.498
1895-07-01,   -0.401
1895-08-01,   -0.409
1895-09-01,   -0.475
1895-10-01,   -0.446
1895-11-01,   -0.434
1895-12-01,   -0.517
1896-01-01,   -0.489
1896-02-01,   -0.496
1896-03-01,   -0.522
1896-04-01,   -0.619
1896-05-01,   -0.533
1896-06-01,   -0.378
1896-07-01,   -0.368
1896-08-01,   -0.316
1896-09-01,   -0.376
1896-10-01,   -0.201
1896-11-01,   -0.332
1896-12-01,   -0.362
1897-01-01,   -0.412
1897-02-01,   -0.537
1897-03-01,   -0.492
1897-04-01,   -0.277
1897-05-01,   -0.370
1897-06-01,   -0.402
1897-07-01,   -0.328
1897-08-01,   -0.327
1897-09-01,   -0.393
1897-10-01,   -0.450
1897-11-01,   -0.413
1897-12-01,   -0.390
1898-01-01,   -0.541
1898-02-01,   -0.644
1898-03-01,   -0.809
1898-04-01,   -0.643
1898-05-01,   -0.531
1898-06-01,   -0.451
1898-07-01,   -0.424
1898-08-01,   -0.442
1898-09-01,   -0.449
1898-10-01,   -0.583
1898-11-01,   -0.668
1898-12-01,   -0.581
1899-01-01,   -0.623
1899-02-01,   -0.683
1899-03-01,   -0.590
1899-04-01,   -0.543
1899-05-01,   -0.558
1899-06-01,   -0.543
1899-07-01,   -0.410
1899-08-01,   -0.331
1899-09-01,   -0.258
1899-10-01,   -0.417
1899-11-01,   -0.282
1899-12-01,   -0.343
1900-01-01,   -0.588
1900-02-01,   -0.314
1900-03-01,   -0.319
1900-04-01,   -0.456
1900-05-01,   -0.382
1900-06-01,   -0.340
1900-07-01,   -0.392
1900-08-01,   -0.375
1900-09-01,   -0.393
1900-10-01,   -0.214
1900-11-01,   -0.293
1900-12-01,   -0.331
1901-01-01,   -0.518
1901-02-01,   -0.449
1901-03-01,   -0.241
1901-04-01,   -0.274
1901-05-01,   -0.442
1901-06-01,   -0.405
1901-07-01,   -0.421
1901-08-01,   -0.409
1901-09-01,   -0.456
1901-10-01,   -0.531
1901-11-01,   -0.443
1901-12-01,   -0.422
1902-01-01,   -0.494
1902-02-01,   -0.404
1902-03-01,   -0.621
1902-04-01,   -0.592
1902-05-01,   -0.543
1902-06-01,   -0.484
1902-07-01,   -0.477
1902-08-01,   -0.504
1902-09-01,   -0.530
1902-10-01,   -0.510
1902-11-01,   -0.537
1902-12-01,   -0.664
1903-01-01,   -0.532
1903-02-01,   -0.557
1903-03-01,   -0.560
1903-04-01,   -0.739
1903-05-01,   -0.636
1903-06-01,   -0.603
1903-07-01,   -0.672
1903-08-01,   -0.710
1903-09-01,   -0.750
1903-10-01,   -0.756
1903-11-01,   -0.644
1903-12-01,   -0.858
1904-01-01,   -0.919
1904-02-01,   -0.866
1904-03-01,   -0.745
1904-04-01,   -0.841
1904-05-01,   -0.805
1904-06-01,   -0.741
1904-07-01,   -0.740
1904-08-01,   -0.736
1904-09-01,   -0.759
1904-10-01,   -0.629
1904-11-01,   -0.472
1904-12-01,   -0.593
1905-01-01,   -0.626
1905-02-01,   -0.833
1905-03-01,   -0.555
1905-04-01,   -0.628
1905-05-01,   -0.523
1905-06-01,   -0.468
1905-07-01,   -0.466
1905-08-01,   -0.547
1905-09-01,   -0.573
1905-10-01,   -0.569
1905-11-01,   -0.430
1905-12-01,   -0.534
1906-01-01,   -0.631
1906-02-01,   -0.551
1906-03-01,   -0.528
1906-04-01,   -0.336
1906-05-01,   -0.482
1906-06-01,   -0.413
1906-07-01,   -0.438
1906-08-01,   -0.494
1906-09-01,   -0.523
1906-10-01,   -0.393
1906-11-01,   -0.501
1906-12-01,   -0.388
1907-01-01,   -0.625
1907-02-01,   -0.821
1907-03-01,   -0.603
1907-04-01,   -0.710
1907-05-01,   -0.764
1907-06-01,   -0.663
1907-07-01,   -0.601
1907-08-01,   -0.562
1907-09-01,   -0.622
1907-10-01,   -0.477
1907-11-01,   -0.654
1907-12-01,   -0.727
1908-01-01,   -0.797
1908-02-01,   -0.600
1908-03-01,   -0.836
1908-04-01,   -0.815
1908-05-01,   -0.740
1908-06-01,   -0.653
1908-07-01,   -0.644
1908-08-01,   -0.726
1908-09-01,   -0.714
1908-10-01,   -0.730
1908-11-01,   -0.702
1908-12-01,   -0.754
1909-01-01,   -0.992
1909-02-01,   -0.762
1909-03-01,   -0.809
1909-04-01,   -0.858
1909-05-01,   -0.760
1909-06-01,   -0.773
1909-07-01,   -0.725
1909-08-01,   -0.626
1909-09-01,   -0.627
1909-10-01,   -0.573
1909-11-01,   -0.553
1909-12-01,   -0.736
1910-01-01,   -0.676
1910-02-01,   -0.744
1910-03-01,   -0.814
1910-04-01,   -0.698
1910-05-01,   -0.620
1910-06-01,   -0.637
1910-07-01,   -0.599
1910-08-01,   -0.605
1910-09-01,   -0.621
1910-10-01,   -0.669
1910-11-01,   -0.614
1910-12-01,   -0.872
1911-01-01,   -0.882
1911-02-01,   -0.925
1911-03-01,   -0.961
1911-04-01,   -0.702
1911-05-01,   -0.804
1911-06-01,   -0.772
1911-07-01,   -0.719
1911-08-01,   -0.692
1911-09-01,   -0.645
1911-10-01,   -0.498
1911-11-01,   -0.431
1911-12-01,   -0.491
1912-01-01,   -0.615
1912-02-01,   -0.538
1912-03-01,   -0.721
1912-04-01,   -0.544
1912-05-01,   -0.505
1912-06-01,   -0.502
1912-07-01,   -0.669
1912-08-01,   -0.745
1912-09-01,   -0.779
1912-10-01,   -0.830
1912-11-01,   -0.551
1912-12-01,   -0.666
1913-01-01,   -0.686
1913-02-01,   -0.717
1913-03-01,   -0.798
1913-04-01,   -0.713
1913-05-01,   -0.731
1913-06-01,   -0.679
1913-07-01,   -0.650
1913-08-01,   -0.539
1913-09-01,   -0.580
1913-10-01,   -0.581
1913-11-01,   -0.501
1913-12-01,   -0.347
1914-01-01,   -0.387
1914-02-01,   -0.462
1914-03-01,   -0.589
1914-04-01,   -0.554
1914-05-01,   -0.496
1914-06-01,   -0.494
1914-07-01,   -0.513
1914-08-01,   -0.507
1914-09-01,   -0.472
1914-10-01,   -0.321
1914-11-01,   -0.260
1914-12-01,   -0.332
1915-01-01,   -0.472
1915-02-01,   -0.369
1915-03-01,   -0.360
1915-04-01,   -0.224
1915-05-01,   -0.311
1915-06-01,   -0.433
1915-07-01,   -0.355
1915-08-01,   -0.410
1915-09-01,   -0.428
1915-10-01,   -0.451
1915-11-01,   -0.358
1915-12-01,   -0.565
1916-01-01,   -0.451
1916-02-01,   -0.490
1916-03-01,   -0.555
1916-04-01,   -0.526
1916-05-01,   -0.538
1916-06-01,   -0.612
1916-07-01,   -0.621
1916-08-01,   -0.504
1916-09-01,   -0.585
1916-10-01,   -0.574
1916-11-01,   -0.798
1916-12-01,   -1.060
1917-01-01,   -0.847
1917-02-01,   -0.974
1917-03-01,   -1.012
1917-04-01,   -0.843
1917-05-01,   -0.821
1917-06-01,   -0.691
1917-07-01,   -0.486
1917-08-01,   -0.500
1917-09-01,   -0.500
1917-10-01,   -0.699
1917-11-01,   -0.620
1917-12-01,   -0.872
1918-01-01,   -0.822
1918-02-01,   -0.778
1918-03-01,   -0.692
1918-04-01,   -0.764
1918-05-01,   -0.722
1918-06-01,   -0.681
1918-07-01,   -0.581
1918-08-01,   -0.568
1918-09-01,   -0.452
1918-10-01,   -0.369
1918-11-01,   -0.400
1918-12-01,   -0.544
1919-01-01,   -0.379
1919-02-01,   -0.583
1919-03-01,   -0.595
1919-04-01,   -0.357
1919-05-01,   -0.486
1919-06-01,   -0.637
1919-07-01,   -0.568
1919-08-01,   -0.657
1919-09-01,   -0.516
1919-10-01,   -0.511
1919-11-01,   -0.545
1919-12-01,   -0.648
1920-01-01,   -0.491
1920-02-01,   -0.546
1920-03-01,   -0.494
1920-04-01,   -0.598
1920-05-01,   -0.506
1920-06-01,   -0.590
1920-07-01,   -0.598
1920-08-01,   -0.531
1920-09-01,   -0.483
1920-10-01,   -0.465
1920-11-01,   -0.488
1920-12-01,   -0.685
1921-01-01,   -0.428
1921-02-01,   -0.602
1921-03-01,   -0.625
1921-04-01,   -0.621
1921-05-01,   -0.509
1921-06-01,   -0.526
1921-07-01,   -0.426
1921-08-01,   -0.446
1921-09-01,   -0.439
1921-10-01,   -0.286
1921-11-01,   -0.343
1921-12-01,   -0.460
1922-01-01,   -0.515
1922-02-01,   -0.753
1922-03-01,   -0.489
1922-04-01,   -0.477
1922-05-01,   -0.617
1922-06-01,   -0.604
1922-07-01,   -0.603
1922-08-01,   -0.616
1922-09-01,   -0.577
1922-10-01,   -0.550
1922-11-01,   -0.305
1922-12-01,   -0.442
1923-01-01,   -0.608
1923-02-01,   -0.666
1923-03-01,   -0.732
1923-04-01,   -0.650
1923-05-01,   -0.548
1923-06-01,   -0.512
1923-07-01,   -0.620
1923-08-01,   -0.659
1923-09-01,   -0.609
1923-10-01,   -0.435
1923-11-01,   -0.288
1923-12-01,   -0.349
1924-01-01,   -0.486
1924-02-01,   -0.517
1924-03-01,   -0.405
1924-04-01,   -0.521
1924-05-01,   -0.460
1924-06-01,   -0.502
1924-07-01,   -0.610
1924-08-01,   -0.652
1924-09-01,   -0.576
1924-10-01,   -0.567
1924-11-01,   -0.487
1924-12-01,   -0.656
1925-01-01,   -0.741
1925-02-01,   -0.702
1925-03-01,   -0.595
1925-04-01,   -0.497
1925-05-01,   -0.521
1925-06-01,   -0.580
1925-07-01,   -0.530
1925-08-01,   -0.517
1925-09-01,   -0.518
1925-10-01,   -0.367
1925-11-01,   -0.299
1925-12-01,   -0.285
1926-01-01,   -0.155
1926-02-01,   -0.299
1926-03-01,   -0.250
1926-04-01,   -0.310
1926-05-01,   -0.511
1926-06-01,   -0.466
1926-07-01,   -0.531
1926-08-01,   -0.473
1926-09-01,   -0.424
1926-10-01,   -0.250
1926-11-01,   -0.339
1926-12-01,   -0.563
1927-01-01,   -0.583
1927-02-01,   -0.495
1927-03-01,   -0.690
1927-04-01,   -0.615
1927-05-01,   -0.539
1927-06-01,   -0.478
1927-07-01,   -0.477
1927-08-01,   -0.362
1927-09-01,   -0.360
1927-10-01,   -0.263
1927-11-01,   -0.289
1927-12-01,   -0.595
1928-01-01,   -0.402
1928-02-01,   -0.458
1928-03-01,   -0.569
1928-04-01,   -0.541
1928-05-01,   -0.502
1928-06-01,   -0.504
1928-07-01,   -0.504
1928-08-01,   -0.512
1928-09-01,   -0.379
1928-10-01,   -0.442
1928-11-01,   -0.361
1928-12-01,   -0.429
1929-01-01,   -0.670
1929-02-01,   -0.779
1929-03-01,   -0.656
1929-04-01,   -0.716
1929-05-01,   -0.656
1929-06-01,   -0.711
1929-07-01,   -0.677
1929-08-01,   -0.525
1929-09-01,   -0.497
1929-10-01,   -0.413
1929-11-01,   -0.433
1929-12-01,   -0.775
1930-01-01,   -0.635
1930-02-01,   -0.570
1930-03-01,   -0.513
1930-04-01,   -0.457
1930-05-01,   -0.482
1930-06-01,   -0.447
1930-07-01,   -0.385
1930-08-01,   -0.424
1930-09-01,   -0.427
1930-10-01,   -0.328
1930-11-01,   -0.072
1930-12-01,   -0.303
1931-01-01,   -0.337
1931-02-01,   -0.519
1931-03-01,   -0.409
1931-04-01,   -0.466
1931-05-01,   -0.448
1931-06-01,   -0.343
1931-07-01,   -0.317
1931-08-01,   -0.293
1931-09-01,   -0.273
1931-10-01,   -0.235
1931-11-01,   -0.299
1931-12-01,   -0.348
1932-01-01,   -0.193
1932-02-01,   -0.537
1932-03-01,   -0.465
1932-04-01,   -0.350
1932-05-01,   -0.439
1932-06-01,   -0.436
1932-07-01,   -0.517
1932-08-01,   -0.557
1932-09-01,   -0.355
1932-10-01,   -0.322
1932-11-01,   -0.510
1932-12-01,   -0.511
1933-01-01,   -0.472
1933-02-01,   -0.626
1933-03-01,   -0.562
1933-04-01,   -0.521
1933-05-01,   -0.532
1933-06-01,   -0.567
1933-07-01,   -0.542
1933-08-01,   -0.534
1933-09-01,   -0.603
1933-10-01,   -0.439
1933-11-01,   -0.536
1933-12-01,   -0.647
1934-01-01,   -0.582
1934-02-01,   -0.423
1934-03-01,   -0.612
1934-04-01,   -0.588
1934-05-01,   -0.363
1934-06-01,   -0.423
1934-07-01,   -0.397
1934-08-01,   -0.380
1934-09-01,   -0.344
1934-10-01,   -0.278
1934-11-01,   -0.203
1934-12-01,   -0.341
1935-01-01,   -0.603
1935-02-01,   -0.217
1935-03-01,   -0.513
1935-04-01,   -0.681
1935-05-01,   -0.554
1935-06-01,   -0.586
1935-07-01,   -0.415
1935-08-01,   -0.412
1935-09-01,   -0.388
1935-10-01,   -0.317
1935-11-01,   -0.425
1935-12-01,   -0.406
1936-01-01,   -0.609
1936-02-01,   -0.617
1936-03-01,   -0.546
1936-04-01,   -0.468
1936-05-01,   -0.452
1936-06-01,   -0.471
1936-07-01,   -0.347
1936-08-01,   -0.314
1936-09-01,   -0.356
1936-10-01,   -0.246
1936-11-01,   -0.283
1936-12-01,   -0.309
1937-01-01,   -0.381
1937-02-01,   -0.339
1937-03-01,   -0.546
1937-04-01,   -0.488
1937-05-01,   -0.351
1937-06-01,   -0.345
1937-07-01,   -0.327
1937-08-01,   -0.221
1937-09-01,   -0.146
1937-10-01,   -0.156
1937-11-01,   -0.143
1937-12-01,   -0.359
1938-01-01,   -0.291
1938-02-01,   -0.292
1938-03-01,   -0.273
1938-04-01,   -0.262
1938-05-01,   -0.374
1938-06-01,   -0.502
1938-07-01,   -0.327
1938-08-01,   -0.320
1938-09-01,   -0.243
1938-10-01,   -0.162
1938-11-01,   -0.198
1938-12-01,   -0.407
1939-01-01,   -0.378
1939-02-01,   -0.397
1939-03-01,   -0.565
1939-04-01,   -0.440
1939-05-01,   -0.321
1939-06-01,   -0.320
1939-07-01,   -0.268
1939-08-01,   -0.221
1939-09-01,   -0.308
1939-10-01,   -0.284
1939-11-01,   -0.166
1939-12-01,    0.151
1940-01-01,   -0.201
1940-02-01,   -0.223
1940-03-01,   -0.227
1940-04-01,   -0.095
1940-05-01,   -0.161
1940-06-01,   -0.246
1940-07-01,   -0.213
1940-08-01,   -0.247
1940-09-01,   -0.176
1940-10-01,   -0.093
1940-11-01,   -0.075
1940-12-01,    0.034
1941-01-01,   -0.138
1941-02-01,   -0.026
1941-03-01,   -0.218
1941-04-01,   -0.077
1941-05-01,   -0.108
1941-06-01,   -0.146
1941-07-01,   -0.095
1941-08-01,   -0.069
1941-09-01,   -0.179
1941-10-01,    0.063
1941-11-01,    0.005
1941-12-01,   -0.028
1942-01-01,   -0.017
1942-02-01,   -0.330
1942-03-01,   -0.275
1942-04-01,   -0.190
1942-05-01,   -0.209
1942-06-01,   -0.191
1942-07-01,   -0.291
1942-08-01,   -0.253
1942-09-01,   -0.233
1942-10-01,   -0.237
1942-11-01,   -0.157
1942-12-01,   -0.253
1943-01-01,   -0.331
1943-02-01,   -0.261
1943-03-01,   -0.396
1943-04-01,   -0.213
1943-05-01,   -0.298
1943-06-01,   -0.421
1943-07-01,   -0.221
1943-08-01,   -0.270
1943-09-01,   -0.245
1943-10-01,   -0.023
1943-11-01,   -0.058
1943-12-01,   -0.101
1944-01-01,   -0.003
1944-02-01,   -0.057
1944-03-01,   -0.048
1944-04-01,   -0.129
1944-05-01,   -0.074
1944-06-01,   -0.110
1944-07-01,   -0.146
1944-08-01,   -0.126
1944-09-01,    0.041
1944-10-01,    0.012
1944-11-01,   -0.055
1944-12-01,   -0.137
1945-01-01,   -0.123
1945-02-01,   -0.267
1945-03-01,   -0.276
1945-04-01,   -0.037
1945-05-01,   -0.171
1945-06-01,   -0.197
1945-07-01,   -0.201
1945-08-01,    0.054
1945-09-01,   -0.067
1945-10-01,   -0.130
1945-11-01,   -0.149
1945-12-01,   -0.323
1946-01-01,   -0.124
1946-02-01,   -0.312
1946-03-01,   -0.393
1946-04-01,   -0.305
1946-05-01,   -0.315
1946-06-01,   -0.445
1946-07-01,   -0.406
1946-08-01,   -0.439
1946-09-01,   -0.329
1946-10-01,   -0.325
1946-11-01,   -0.255
1946-12-01,   -0.507
1947-01-01,   -0.316
1947-02-01,   -0.340
1947-03-01,   -0.305
1947-04-01,   -0.239
1947-05-01,   -0.316
1947-06-01,   -0.243
1947-07-01,   -0.304
1947-08-01,   -0.377
1947-09-01,   -0.398
1947-10-01,   -0.236
1947-11-01,   -0.276
1947-12-01,   -0.430
1948-01-01,   -0.316
1948-02-01,   -0.430
1948-03-01,   -0.566
1948-04-01,   -0.374
1948-05-01,   -0.207
1948-06-01,   -0.379
1948-07-01,   -0.339
1948-08-01,   -0.341
1948-09-01,   -0.396
1948-10-01,   -0.295
1948-11-01,   -0.338
1948-12-01,   -0.528
1949-01-01,   -0.237
1949-02-01,   -0.444
1949-03-01,   -0.323
1949-04-01,   -0.373
1949-05-01,   -0.317
1949-06-01,   -0.468
1949-07-01,   -0.379
1949-08-01,   -0.381
1949-09-01,   -0.434
1949-10-01,   -0.318
1949-11-01,   -0.366
1949-12-01,   -0.426
1950-01-01,   -0.514
1950-02-01,   -0.553
1950-03-01,   -0.415
1950-04-01,   -0.496
1950-05-01,   -0.309
1950-06-01,   -0.323
1950-07-01,   -0.360
1950-08-01,   -0.391
1950-09-01,   -0.365
1950-10-01,   -0.447
1950-11-01,   -0.556
1950-12-01,   -0.534
1951-01-01,   -0.639
1951-02-01,   -0.726
1951-03-01,   -0.480
1951-04-01,   -0.480
1951-05-01,   -0.285
1951-06-01,   -0.287
1951-07-01,   -0.265
1951-08-01,   -0.200
1951-09-01,   -0.146
1951-10-01,   -0.133
1951-11-01,   -0.264
1951-12-01,   -0.139
1952-01-01,   -0.168
1952-02-01,   -0.224
1952-03-01,   -0.377
1952-04-01,   -0.239
1952-05-01,   -0.313
1952-06-01,   -0.314
1952-07-01,   -0.247
1952-08-01,   -0.231
1952-09-01,   -0.214
1952-10-01,   -0.219
1952-11-01,   -0.330
1952-12-01,   -0.294
1953-01-01,   -0.228
1953-02-01,   -0.171
1953-03-01,   -0.185
1953-04-01,   -0.074
1953-05-01,   -0.144
1953-06-01,   -0.139
1953-07-01,   -0.298
1953-08-01,   -0.263
1953-09-01,   -0.284
1953-10-01,   -0.162
1953-11-01,   -0.277
1953-12-01,   -0.263
1954-01-01,   -0.477
1954-02-01,   -0.399
1954-03-01,   -0.473
1954-04-01,   -0.480
1954-05-01,   -0.487
1954-06-01,   -0.405
1954-07-01,   -0.380
1954-08-01,   -0.408
1954-09-01,   -0.375
1954-10-01,   -0.276
1954-11-01,   -0.222
1954-12-01,   -0.443
1955-01-01,   -0.192
1955-02-01,   -0.528
1955-03-01,   -0.639
1955-04-01,   -0.524
1955-05-01,   -0.459
1955-06-01,   -0.433
1955-07-01,   -0.392
1955-08-01,   -0.255
1955-09-01,   -0.359
1955-10-01,   -0.322
1955-11-01,   -0.493
1955-12-01,   -0.592
1956-01-01,   -0.413
1956-02-01,   -0.511
1956-03-01,   -0.482
1956-04-01,   -0.566
1956-05-01,   -0.568
1956-06-01,   -0.470
1956-07-01,   -0.399
1956-08-01,   -0.546
1956-09-01,   -0.477
1956-10-01,   -0.498
1956-11-01,   -0.395
1956-12-01,   -0.334
1957-01-01,   -0.354
1957-02-01,   -0.417
1957-03-01,   -0.425
1957-04-01,   -0.282
1957-05-01,   -0.207
1957-06-01,   -0.139
1957-07-01,   -0.237
1957-08-01,   -0.136
1957-09-01,   -0.171
1957-10-01,   -0.203
1957-11-01,   -0.204
1957-12-01,   -0.211
1958-01-01,    0.034
1958-02-01,   -0.147
1958-03-01,   -0.225
1958-04-01,   -0.255
1958-05-01,   -0.223
1958-06-01,   -0.275
1958-07-01,   -0.185
1958-08-01,   -0.281
1958-09-01,   -0.304
1958-10-01,   -0.227
1958-11-01,   -0.257
1958-12-01,   -0.232
1959-01-01,   -0.206
1959-02-01,   -0.238
1959-03-01,   -0.126
1959-04-01,   -0.179
1959-05-01,   -0.226
1959-06-01,   -0.217
1959-07-01,   -0.210
1959-08-01,   -0.246
1959-09-01,   -0.269
1959-10-01,   -0.262
1959-11-01,   -0.303
1959-12-01,   -0.294
1960-01-01,   -0.280
1960-02-01,   -0.194
1960-03-01,   -0.592
1960-04-01,   -0.430
1960-05-01,   -0.380
1960-06-01,   -0.327
1960-07-01,   -0.296
1960-08-01,   -0.249
1960-09-01,   -0.210
1960-10-01,   -0.206
1960-11-01,   -0.377
1960-12-01,   -0.087
1961-01-01,   -0.206
1961-02-01,   -0.170
1961-03-01,   -0.230
1961-04-01,   -0.178
1961-05-01,   -0.173
1961-06-01,   -0.189
1961-07-01,   -0.234
1961-08-01,   -0.239
1961-09-01,   -0.215
1961-10-01,   -0.271
1961-11-01,   -0.227
1961-12-01,   -0.435
1962-01-01,   -0.251
1962-02-01,   -0.179
1962-03-01,   -0.192
1962-04-01,   -0.271
1962-05-01,   -0.354
1962-06-01,   -0.283
1962-07-01,   -0.269
1962-08-01,   -0.295
1962-09-01,   -0.259
1962-10-01,   -0.229
1962-11-01,   -0.152
1962-12-01,   -0.293
1963-01-01,   -0.315
1963-02-01,   -0.139
1963-03-01,   -0.453
1963-04-01,   -0.356
1963-05-01,   -0.349
1963-06-01,   -0.287
1963-07-01,   -0.225
1963-08-01,   -0.094
1963-09-01,   -0.114
1963-10-01,   -0.125
1963-11-01,   -0.147
1963-12-01,   -0.274
1964-01-01,   -0.365
1964-02-01,   -0.439
1964-03-01,   -0.557
1964-04-01,   -0.587
1964-05-01,   -0.517
1964-06-01,   -0.348
1964-07-01,   -0.332
1964-08-01,   -0.417
1964-09-01,   -0.525
1964-10-01,   -0.534
1964-11-01,   -0.503
1964-12-01,   -0.554
1965-01-01,   -0.390
1965-02-01,   -0.501
1965-03-01,   -0.478
1965-04-01,   -0.493
1965-05-01,   -0.420
1965-06-01,   -0.399
1965-07-01,   -0.374
1965-08-01,   -0.317
1965-09-01,   -0.356
1965-10-01,   -0.252
1965-11-01,   -0.264
1965-12-01,   -0.352
1966-01-01,   -0.468
1966-02-01,   -0.374
1966-03-01,   -0.353
1966-04-01,   -0.439
1966-05-01,   -0.360
1966-06-01,   -0.276
1966-07-01,   -0.174
1966-08-01,   -0.315
1966-09-01,   -0.282
1966-10-01,   -0.397
1966-11-01,   -0.287
1966-12-01,   -0.341
1967-01-01,   -0.409
1967-02-01,   -0.521
1967-03-01,   -0.308
1967-04-01,   -0.331
1967-05-01,   -0.129
1967-06-01,   -0.313
1967-07-01,   -0.285
1967-08-01,   -0.267
1967-09-01,   -0.281
1967-10-01,   -0.136
1967-11-01,   -0.314
1967-12-01,   -0.303
1968-01-01,   -0.536
1968-02-01,   -0.480
1968-03-01,   -0.188
1968-04-01,   -0.371
1968-05-01,   -0.377
1968-06-01,   -0.333
1968-07-01,   -0.393
1968-08-01,   -0.311
1968-09-01,   -0.376
1968-10-01,   -0.204
1968-11-01,   -0.357
1968-12-01,   -0.430
1969-01-01,   -0.395
1969-02-01,   -0.412
1969-03-01,   -0.273
1969-04-01,   -0.136
1969-05-01,   -0.093
1969-06-01,   -0.213
1969-07-01,   -0.276
1969-08-01,   -0.234
1969-09-01,   -0.180
1969-10-01,   -0.124
1969-11-01,   -0.125
1969-12-01,   -0.033
1970-01-01,   -0.148
1970-02-01,   -0.132
1970-03-01,   -0.244
1970-04-01,   -0.225
1970-05-01,   -0.287
1970-06-01,   -0.296
1970-07-01,   -0.258
1970-08-01,   -0.343
1970-09-01,   -0.186
1970-10-01,   -0.251
1970-11-01,   -0.247
1970-12-01,   -0.411
1971-01-01,   -0.364
1971-02-01,   -0.490
1971-03-01,   -0.456
1971-04-01,   -0.385
1971-05-01,   -0.323
1971-06-01,   -0.406
1971-07-01,   -0.333
1971-08-01,   -0.297
1971-09-01,   -0.244
1971-10-01,   -0.344
1971-11-01,   -0.364
1971-12-01,   -0.380
1972-01-01,   -0.496
1972-02-01,   -0.469
1972-03-01,   -0.268
1972-04-01,   -0.262
1972-05-01,   -0.307
1972-06-01,   -0.190
1972-07-01,   -0.230
1972-08-01,   -0.092
1972-09-01,   -0.192
1972-10-01,   -0.142
1972-11-01,   -0.231
1972-12-01,   -0.081
1973-01-01,   -0.005
1973-02-01,   -0.000
1973-03-01,   -0.059
1973-04-01,    0.003
1973-05-01,   -0.033
1973-06-01,   -0.043
1973-07-01,   -0.148
1973-08-01,   -0.194
1973-09-01,   -0.159
1973-10-01,   -0.155
1973-11-01,   -0.218
1973-12-01,   -0.320
1974-01-01,   -0.398
1974-02-01,   -0.596
1974-03-01,   -0.408
1974-04-01,   -0.392
1974-05-01,   -0.308
1974-06-01,   -0.318
1974-07-01,   -0.288
1974-08-01,   -0.186
1974-09-01,   -0.340
1974-10-01,   -0.283
1974-11-01,   -0.364
1974-12-01,   -0.412
1975-01-01,   -0.265
1975-02-01,   -0.242
1975-03-01,   -0.192
1975-04-01,   -0.234
1975-05-01,   -0.164
1975-06-01,   -0.237
1975-07-01,   -0.281
1975-08-01,   -0.389
1975-09-01,   -0.263
1975-10-01,   -0.408
1975-11-01,   -0.448
1975-12-01,   -0.436
1976-01-01,   -0.339
1976-02-01,   -0.416
1976-03-01,   -0.505
1976-04-01,   -0.339
1976-05-01,   -0.493
1976-06-01,   -0.386
1976-07-01,   -0.303
1976-08-01,   -0.334
1976-09-01,   -0.269
1976-10-01,   -0.467
1976-11-01,   -0.307
1976-12-01,   -0.159
1977-01-01,   -0.083
1977-02-01,   -0.138
1977-03-01,   -0.123
1977-04-01,   -0.062
1977-05-01,   -0.006
1977-06-01,   -0.036
1977-07-01,   -0.081
1977-08-01,   -0.070
1977-09-01,   -0.169
1977-10-01,   -0.188
1977-11-01,   -0.068
1977-12-01,   -0.222
1978-01-01,   -0.204
1978-02-01,   -0.183
1978-03-01,   -0.134
1978-04-01,   -0.175
1978-05-01,   -0.203
1978-06-01,   -0.274
1978-07-01,   -0.215
1978-08-01,   -0.367
1978-09-01,   -0.188
1978-10-01,   -0.203
1978-11-01,   -0.079
1978-12-01,   -0.196
1979-01-01,   -0.166
1979-02-01,   -0.380
1979-03-01,   -0.178
1979-04-01,   -0.230
1979-05-01,   -0.177
1979-06-01,   -0.121
1979-07-01,   -0.185
1979-08-01,   -0.087
1979-09-01,   -0.011
1979-10-01,    0.024
1979-11-01,    0.014
1979-12-01,    0.192
1980-01-01,    0.040
1980-02-01,    0.115
1980-03-01,   -0.003
1980-04-01,    0.028
1980-05-01,    0.075
1980-06-01,   -0.045
1980-07-01,    0.009
1980-08-01,   -0.019
1980-09-01,   -0.033
1980-10-01,   -0.068
1980-11-01,   -0.000
1980-12-01,   -0.082
1981-01-01,    0.189
1981-02-01,    0.079
1981-03-01,    0.109
1981-04-01,    0.013
1981-05-01,   -0.032
1981-06-01,    0.012
1981-07-01,    0.013
1981-08-01,    0.051
1981-09-01,   -0.065
1981-10-01,   -0.011
1981-11-01,    0.024
1981-12-01,    0.136
1982-01-01,   -0.226
1982-02-01,   -0.136
1982-03-01,   -0.296
1982-04-01,   -0.168
1982-05-01,   -0.137
1982-06-01,   -0.213
1982-07-01,   -0.118
1982-08-01,   -0.187
1982-09-01,   -0.088
1982-10-01,   -0.092
1982-11-01,   -0.096
1982-12-01,    0.127
1983-01-01,    0.174
1983-02-01,    0.119
1983-03-01,    0.071
1983-04-01,   -0.044
1983-05-01,    0.065
1983-06-01,   -0.016
1983-07-01,   -0.074
1983-08-01,    0.069
1983-09-01,    0.135
1983-10-01,   -0.034
1983-11-01,    0.092
1983-12-01,   -0.081
1984-01-01,   -0.014
1984-02-01,   -0.144
1984-03-01,   -0.045
1984-04-01,   -0.201
1984-05-01,    0.045
1984-06-01,   -0.209
1984-07-01,   -0.127
1984-08-01,   -0.089
1984-09-01,   -0.050
1984-10-01,   -0.092
1984-11-01,   -0.183
1984-12-01,   -0.298
1985-01-01,   -0.047
1985-02-01,   -0.305
1985-03-01,   -0.134
1985-04-01,   -0.179
1985-05-01,   -0.117
1985-06-01,   -0.122
1985-07-01,   -0.262
1985-08-01,   -0.126
1985-09-01,   -0.119
1985-10-01,   -0.132
1985-11-01,   -0.150
1985-12-01,   -0.132
1986-01-01,   -0.040
1986-02-01,    0.048
1986-03-01,   -0.041
1986-04-01,   -0.070
1986-05-01,   -0.044
1986-06-01,   -0.140
1986-07-01,   -0.135
1986-08-01,   -0.101
1986-09-01,   -0.163
1986-10-01,   -0.085
1986-11-01,   -0.124
1986-12-01,   -0.105
1987-01-01,    0.027
1987-02-01,    0.044
1987-03-01,   -0.156
1987-04-01,   -0.060
1987-05-01,    0.003
1987-06-01,    0.048
1987-07-01,    0.176
1987-08-01,    0.015
1987-09-01,    0.110
1987-10-01,    0.074
1987-11-01,   -0.000
1987-12-01,    0.130
1988-01-01,    0.226
1988-02-01,    0.121
1988-03-01,    0.167
1988-04-01,    0.126
1988-05-01,    0.150
1988-06-01,    0.115
1988-07-01,    0.053
1988-08-01,    0.110
1988-09-01,    0.098
1988-10-01,    0.103
1988-11-01,   -0.117
1988-12-01,   -0.029
1989-01-01,   -0.209
1989-02-01,   -0.021
1989-03-01,   -0.031
1989-04-01,   -0.019
1989-05-01,   -0.110
1989-06-01,   -0.096
1989-07-01,   -0.003
1989-08-01,    0.037
1989-09-01,    0.099
1989-10-01,    0.058
1989-11-01,   -0.089
1989-12-01,    0.091
1990-01-01,    0.068
1990-02-01,    0.061
1990-03-01,    0.398
1990-04-01,    0.283
1990-05-01,    0.205
1990-06-01,    0.076
1990-07-01,    0.112
1990-08-01,    0.059
1990-09-01,    0.032
1990-10-01,    0.159
1990-11-01,    0.146
1990-12-01,    0.107
1991-01-01,    0.090
1991-02-01,    0.156
1991-03-01,    0.017
1991-04-01,    0.194
1991-05-01,    0.107
1991-06-01,    0.227
1991-07-01,    0.180
1991-08-01,    0.119
1991-09-01,    0.130
1991-10-01,    0.068
1991-11-01,    0.043
1991-12-01,   -0.021
1992-01-01,    0.114
1992-02-01,    0.090
1992-03-01,    0.124
1992-04-01,   -0.029
1992-05-01,    0.030
1992-06-01,   -0.014
1992-07-01,   -0.165
1992-08-01,   -0.190
1992-09-01,   -0.250
1992-10-01,   -0.200
1992-11-01,   -0.213
1992-12-01,   -0.117
1993-01-01,    0.016
1993-02-01,    0.054
1993-03-01,    0.021
1993-04-01,   -0.008
1993-05-01,   -0.011
1993-06-01,   -0.007
1993-07-01,   -0.038
1993-08-01,   -0.115
1993-09-01,   -0.095
1993-10-01,   -0.003
1993-11-01,   -0.184
1993-12-01,   -0.114
1994-01-01,   -0.087
1994-02-01,   -0.280
1994-03-01,   -0.047
1994-04-01,    0.072
1994-05-01,    0.017
1994-06-01,    0.112
1994-07-01,    0.019
1994-08-01,   -0.049
1994-09-01,    0.063
1994-10-01,    0.184
1994-11-01,    0.168
1994-12-01,    0.067
1995-01-01,    0.220
1995-02-01,    0.416
1995-03-01,    0.155
1995-04-01,    0.179
1995-05-01,    0.016
1995-06-01,    0.151
1995-07-01,    0.193
1995-08-01,    0.238
1995-09-01,    0.127
1995-10-01,    0.179
1995-11-01,    0.198
1995-12-01,   -0.014
1996-01-01,   -0.040
1996-02-01,    0.147
1996-03-01,    0.026
1996-04-01,    0.014
1996-05-01,    0.019
1996-06-01,   -0.019
1996-07-01,    0.071
1996-08-01,    0.155
1996-09-01,   -0.002
1996-10-01,   -0.051
1996-11-01,    0.135
1996-12-01,    0.041
1997-01-01,   -0.056
1997-02-01,    0.029
1997-03-01,    0.166
1997-04-01,    0.066
1997-05-01,    0.081
1997-06-01,    0.247
1997-07-01,    0.125
1997-08-01,    0.174
1997-09-01,    0.323
1997-10-01,    0.382
1997-11-01,    0.364
1997-12-01,    0.262
1998-01-01,    0.276
1998-02-01,    0.470
1998-03-01,    0.287
1998-04-01,    0.400
1998-05-01,    0.385
1998-06-01,    0.423
1998-07-01,    0.404
1998-08-01,    0.419
1998-09-01,    0.216
1998-10-01,    0.185
1998-11-01,    0.184
1998-12-01,    0.260
1999-01-01,    0.148
1999-02-01,    0.307
1999-03-01,    0.014
1999-04-01,    0.040
1999-05-01,    0.007
1999-06-01,    0.096
1999-07-01,    0.077
1999-08-01,    0.086
1999-09-01,    0.137
1999-10-01,    0.083
1999-11-01,    0.103
1999-12-01,    0.148
2000-01-01,   -0.005
2000-02-01,    0.198
2000-03-01,    0.176
2000-04-01,    0.268
2000-05-01,    0.055
2000-06-01,    0.074
2000-07-01,    0.103
2000-08-01,    0.143
2000-09-01,    0.160
2000-10-01,    0.049
2000-11-01,    0.040
2000-12-01,   -0.022
2001-01-01,    0.138
2001-02-01,    0.094
2001-03-01,    0.194
2001-04-01,    0.207
2001-05-01,    0.257
2001-06-01,    0.217
2001-07-01,    0.321
2001-08-01,    0.246
2001-09-01,    0.265
2001-10-01,    0.241
2001-11-01,    0.427
2001-12-01,    0.302
2002-01-01,    0.363
2002-02-01,    0.343
2002-03-01,    0.479
2002-04-01,    0.238
2002-05-01,    0.345
2002-06-01,    0.269
2002-07-01,    0.339
2002-08-01,    0.269
2002-09-01,    0.324
2002-10-01,    0.310
2002-11-01,    0.313
2002-12-01,    0.188
2003-01-01,    0.389
2003-02-01,    0.282
2003-03-01,    0.239
2003-04-01,    0.251
2003-05-01,    0.289
2003-06-01,    0.182
2003-07-01,    0.276
2003-08-01,    0.350
2003-09-01,    0.402
2003-10-01,    0.488
2003-11-01,    0.299
2003-12-01,    0.415
2004-01-01,    0.303
2004-02-01,    0.361
2004-03-01,    0.323
2004-04-01,    0.294
2004-05-01,    0.087
2004-06-01,    0.128
2004-07-01,    0.066
2004-08-01,    0.199
2004-09-01,    0.263
2004-10-01,    0.367
2004-11-01,    0.439
2004-12-01,    0.220
2005-01-01,    0.446
2005-02-01,    0.288
2005-03-01,    0.389
2005-04-01,    0.362
2005-05-01,    0.353
2005-06-01,    0.354
2005-07-01,    0.342
2005-08-01,    0.306
2005-09-01,    0.419
2005-10-01,    0.479
2005-11-01,    0.505
2005-12-01,    0.406
2006-01-01,    0.281
2006-02-01,    0.418
2006-03-01,    0.302
2006-04-01,    0.225
2006-05-01,    0.240
2006-06-01,    0.328
2006-07-01,    0.262
2006-08-01,    0.416
2006-09-01,    0.382
2006-10-01,    0.428
2006-11-01,    0.424
2006-12-01,    0.464
2007-01-01,    0.596
2007-02-01,    0.364
2007-03-01,    0.330
2007-04-01,    0.456
2007-05-01,    0.329
2007-06-01,    0.279
2007-07-01,    0.290
2007-08-01,    0.277
2007-09-01,    0.313
2007-10-01,    0.346
2007-11-01,    0.307
2007-12-01,    0.169
2008-01-01,   -0.042
2008-02-01,   -0.011
2008-03-01,    0.356
2008-04-01,    0.196
2008-05-01,    0.196
2008-06-01,    0.171
2008-07-01,    0.290
2008-08-01,    0.235
2008-09-01,    0.327
2008-10-01,    0.421
2008-11-01,    0.437
2008-12-01,    0.274
2009-01-01,    0.351
2009-02-01,    0.201
2009-03-01,    0.181
2009-04-01,    0.251
2009-05-01,    0.314
2009-06-01,    0.364
2009-07-01,    0.438
2009-08-01,    0.415
2009-09-01,    0.475
2009-10-01,    0.434
2009-11-01,    0.501
2009-12-01,    0.398
2010-01-01,    0.440
2010-02-01,    0.492
2010-03-01,    0.544
2010-04-01,    0.552
2010-05-01,    0.468
2010-06-01,    0.390
2010-07-01,    0.374
2010-08-01,    0.359
2010-09-01,    0.369
2010-10-01,    0.430
2010-11-01,    0.514
2010-12-01,    0.193
2011-01-01,    0.229
2011-02-01,    0.175
2011-03-01,    0.299
2011-04-01,    0.345
2011-05-01,    0.245
2011-06-01,    0.307
2011-07-01,    0.396
2011-08-01,    0.401
2011-09-01,    0.329
2011-10-01,    0.405
2011-11-01,    0.291
2011-12-01,    0.267
2012-01-01,    0.193
2012-02-01,    0.176
2012-03-01,    0.185
2012-04-01,    0.398
2012-05-01,    0.439
2012-06-01,    0.386
2012-07-01,    0.333
2012-08-01,    0.372
2012-09-01,    0.458
2012-10-01,    0.525
2012-11-01,    0.489
2012-12-01,    0.212
2013-01-01,    0.363
2013-02-01,    0.258
2013-03-01,    0.297
2013-04-01,    0.273
2013-05-01,    0.348
2013-06-01,    0.390
2013-07-01,    0.317
2013-08-01,    0.394
2013-09-01,    0.476
2013-10-01,    0.422
2013-11-01,    0.527
2013-12-01,    0.386
2014-01-01,    0.425
2014-02-01,    0.241
2014-03-01,    0.446
2014-04-01,    0.468
2014-05-01,    0.516
2014-06-01,    0.407
2014-07-01,    0.349
2014-08-01,    0.528
2014-09-01,    0.560
2014-10-01,    0.530
2014-11-01,    0.405
2014-12-01,    0.484
2015-01-01,    0.515
2015-02-01,    0.539
2015-03-01,    0.587
2015-04-01,    0.491
2015-05-01,    0.514
2015-06-01,    0.551
2015-07-01,    0.485
2015-08-01,    0.545
2015-09-01,    0.646
2015-10-01,    0.807
2015-11-01,    0.786
2015-12-01,    0.804
2016-01-01,    0.883
2016-02-01,    0.998
2016-03-01,    0.981
2016-04-01,    0.813
2016-05-01,    0.648
2016-06-01,    0.532
2016-07-01,    0.574
2016-08-01,    0.706
2016-09-01,    0.667
2016-10-01,    0.608
2016-11-01,    0.665
2016-12-01,    0.579
2017-01-01,    0.718
2017-02-01,    0.759
2017-03-01,    0.760
2017-04-01,    0.624
2017-05-01,    0.596
2017-06-01,    0.456
2017-07-01,    0.554
2017-08-01,    0.580
2017-09-01,    0.578
2017-10-01,    0.655
2017-11-01,    0.625
2017-12-01,    0.641
2018-01-01,    0.520
2018-02-01,    0.547
2018-03-01,    0.521
2018-04-01,    0.577
2018-05-01,    0.524
2018-06-01,    0.483
2018-07-01,    0.538
2018-08-01,    0.520
2018-09-01,    0.539
2018-10-01,    0.757
2018-11-01,    0.584
2018-12-01,    0.622
2019-01-01,    0.603
2019-02-01,    0.568
2019-03-01,    0.791
2019-04-01,    0.717
2019-05-01,    0.591
2019-06-01,    0.599
2019-07-01,    0.617
2019-08-01,    0.640
2019-09-01,    0.658
2019-10-01,    0.758
2019-11-01,    0.718
2019-12-01,    0.799
2020-01-01,    0.836
2020-02-01,    0.865
2020-03-01,    0.785
2020-04-01,    0.806
2020-05-01,    0.680
2020-06-01,    0.618
2020-07-01,    0.605
2020-08-01,    0.605
2020-09-01,    0.709
2020-10-01,    0.644
2020-11-01,    0.802
2020-12-01,    0.500
2021-01-01,    0.506
2021-02-01,    0.307
2021-03-01,    0.529
2021-04-01,    0.469
2021-05-01,    0.500
2021-06-01,    0.526
2021-07-01,    0.601
2021-08-01,    0.581
2021-09-01,    0.646
2021-10-01,    0.727
2021-11-01,    0.671
2021-12-01,    0.573
2022-01-01,    0.596
2022-02-01,    0.554
2022-03-01,    0.710
2022-04-01,    0.553
2022-05-01,    0.510
2022-06-01,    0.606
2022-07-01,    0.596
2022-08-01,    0.622
2022-09-01,    0.590
2022-10-01,    0.696
2022-11-01,    0.487
2022-12-01,    0.497
2023-01-01,    0.568
2023-02-01,    0.675
2023-03-01,    0.867
2023-04-01,    0.662
2023-05-01,    0.654
2023-06-01,    0.759
2023-07-01,    0.880
2023-08-01,    0.965
2023-09-01,    1.144
2023-10-01,    1.106
2023-11-01,    1.162
2023-12-01,    1.060
2024-01-01,    0.979
2024-02-01,    1.074
2024-03-01,    0.988
2024-04-01,    0.968
2024-05-01,    0.862
2024-06-01,    0.908
2024-07-01,    0.912
2024-08-01,    0.972
2024-09-01,    0.964
2024-10-01,    1.063
2024-11-01,-9999.000
2024-12-01,-9999.000
